country,name,id,provider,source,future_programmes,future_hours,desc_pct,sample_title,sample_desc,title_source,desc_source,title_desc_policy,language_audit,alternatives,alternative_sources,merged_alternatives,url,integration_status,covered_by
Saudi Arabia,Al Araby TV.sa,Al Araby TV.sa,openepg,saudiarabia5,18,15.1,100.0,News,News,,,NATIVE_TITLE_POLICY,ENGLISH_ACCEPTED_AFTER_4_AUDITS,0,,,https://www.open-epg.com/files/saudiarabia5.xml,,osn.xml.gz:AlArabyTV.qa@SD
,Al Hadath.sa,Al Hadath.sa,openepg,saudiarabia1,62,43.3,100.0,استوديو الحدث,ساعة إخبارية كاملة تعرض أهم الأخبار السياسية والاقتصادية والرياضية.,,,NATIVE_TITLE_POLICY,ARABIC_SELECTED,,,openepg:saudiarabia5:Al Hadath.sa;openepg:uae6:الحدث.ae,https://www.open-epg.com/files/saudiarabia1.xml,,osn.xml.gz:AlHadath.sa@SD
Saudi Arabia,Al Hayat.sa,Al Hayat.sa,openepg,saudiarabia1,45,44.1,100.0,الحياة,قناة مصرية متنوعة تبث برامج ترفيهية ومسلسلات متنوعة وحوارات شيقة تتناول الاقتصاد والسياسة وآخر المستجدات على الساحة المصرية والعربية.,,,NATIVE_TITLE_POLICY,ARABIC_SELECTED,1,openepg:saudiarabia2:Al Hayat.sa,,https://www.open-epg.com/files/saudiarabia1.xml,,elcinema.xml.gz:AlhayatTV.eg@SD
Saudi Arabia,Al Kahera Walnas 2.sa,Al Kahera Walnas 2.sa,openepg,saudiarabia1,45,44.1,100.0,القاهرة والناس 2,ترفيه مستمر لا يتوقف، تشاهدوه فقط على قناة القاهرة والناس 2.,,,NATIVE_TITLE_POLICY,ARABIC_SELECTED,1,openepg:saudiarabia2:Al Kahera Walnas 2.sa,,https://www.open-epg.com/files/saudiarabia1.xml,,elcinema.xml.gz:AlKaheraWalNas2.eg@SD
Saudi Arabia,Al Kahera Walnas.sa,Al Kahera Walnas.sa,openepg,saudiarabia1,45,44.1,100.0,القاهرة والناس,ترفيه مستمر لا يتوقف، تشاهدوه فقط على قناة القاهرة والناس.,,,NATIVE_TITLE_POLICY,ARABIC_SELECTED,1,openepg:saudiarabia2:Al Kahera Walnas.sa,,https://www.open-epg.com/files/saudiarabia1.xml,,elcinema.xml.gz:AlKaheraWalNas.eg@SD
,Al Nahar.sa,Al Nahar.sa,openepg,saudiarabia1,50,43.3,100.0,دوس بنزين,يقتحم عالم السيارات والدراجات النارية، ليسلط الضوء على أحدث الموديلات وأروع الكماليات والتقنيات المذهلة.,,,NATIVE_TITLE_POLICY,ARABIC_SELECTED,,,openepg:saudiarabia3:Al Nahar TV.sa;openepg:egypt2:Al Nahar TV.eg;openepg:egypt1:النهار.eg,https://www.open-epg.com/files/saudiarabia1.xml,,elcinema.xml.gz:AlNahar.eg@SD
Saudi Arabia,Al Quran Al Kareem TV HD.sa,Al Quran Al Kareem TV HD.sa,openepg,saudiarabia5,15,15.1,100.0,Al Quran Al Kareem HD,Al Quran Al Kareem HD,,,NATIVE_TITLE_POLICY,ENGLISH_ACCEPTED_AFTER_4_AUDITS,0,,,https://www.open-epg.com/files/saudiarabia5.xml,,osn.xml.gz:AlQuranAlKareemTV.sa@SD
Egypt,Alaraby TV 2.eg,Alaraby TV 2.eg,openepg,egypt2,39,38.1,12.8,برنامج عالم البهارات,,,,NATIVE_TITLE_POLICY,ARABIC_SELECTED,0,,,https://www.open-epg.com/files/egypt2.xml,,osn.xml.gz:AlArabyTV2.qa@SD
Egypt,AlSaeedah.eg,AlSaeedah.eg,openepg,egypt2,48,46.1,31.2,Qadyet Safia,"The story of a rural girl named Safia whose father dies and leaves her a great inheritance. Her life takes a turn when a man claiming to be her brother suddenly appears. When he's killed, Safia is accused of the crime, forcing her to go on the run to try to prove her innocence.",,,NATIVE_TITLE_POLICY,ENGLISH_ACCEPTED_AFTER_4_AUDITS,0,,,https://www.open-epg.com/files/egypt2.xml,,elcinema.xml.gz:AlSaeedah.eg@SD
Saudi Arabia,Animal Planet HD.sa,Animal Planet HD.sa,openepg,saudiarabia1,54,44.0,100.0,Dr. Jeff: Rocky Mountain Vet:Close To Home,يمثل الدكتور البيطري (جيف يونغ) وفريقه الفرصة الوحيدة وربما الأمل الأخير بين الحياة والموت للحيوانات الأليفة والبرية.,openepg:saudiarabia2:Animal Planet HD.sa,openepg:saudiarabia1:Animal Planet HD.sa,EN_TITLE_AR_DESC_PAIRED,ARABIC_SELECTED,2,openepg:saudiarabia2:Animal Planet HD.sa;openepg:saudiarabia5:Animal Planet HD.sa,,https://www.open-epg.com/files/saudiarabia1.xml,,osn.xml.gz:AnimalPlanetEurope.uk@SD
,Bahrain TV.sa,Bahrain TV.sa,openepg,saudiarabia1,44,43.8,100.0,البحرين,قناة منوعة تبث آخر الأخبار المحلية والعالمية بالإضافة إلى الأفلام الوثائقية والترفيهية.,,,NATIVE_TITLE_POLICY,ARABIC_SELECTED,,,openepg:saudiarabia5:Bahrain TV.sa,https://www.open-epg.com/files/saudiarabia1.xml,,osn.xml.gz:BahrainTV.bh@SD
Saudi Arabia,BBC World.sa,BBC World.sa,openepg,saudiarabia5,73,63.1,100.0,BBC News,BBC News,openepg:saudiarabia5:BBC World.sa,,EN_TITLE_NO_AR_DESC,ENGLISH_ACCEPTED_AFTER_4_AUDITS,0,,,https://www.open-epg.com/files/saudiarabia5.xml,,osn.xml.gz:BBCArabic.uk@SD
Saudi Arabia,Bloomberg Originals.sa,Bloomberg Originals.sa,openepg,saudiarabia5,31,15.1,100.0,23andMe Institute CEO Anne Wojcicki,23andMe Institute CEO Anne Wojcicki,openepg:saudiarabia5:Bloomberg Originals.sa,,EN_TITLE_NO_AR_DESC,ENGLISH_ACCEPTED_AFTER_4_AUDITS,0,,,https://www.open-epg.com/files/saudiarabia5.xml,,osn.xml.gz:BloombergOriginals.us@SD
Saudi Arabia,Bloomberg.sa,Bloomberg.sa,openepg,saudiarabia5,23,159.1,100.0,The Circuit,The Circuit,openepg:saudiarabia5:Bloomberg.sa,,EN_TITLE_NO_AR_DESC,ENGLISH_ACCEPTED_AFTER_4_AUDITS,0,,,https://www.open-epg.com/files/saudiarabia5.xml,,osn.xml.gz:BloombergTV.us@MiddleEast
Saudi Arabia,C And I.sa,C And I.sa,openepg,saudiarabia5,22,15.1,100.0,After The First 48,After The First 48,,,NATIVE_TITLE_POLICY,ENGLISH_ACCEPTED_AFTER_4_AUDITS,0,,,https://www.open-epg.com/files/saudiarabia5.xml,,osn.xml.gz:CrimePlusInvestigation.us@SD
,Cartoon Network HD.sa,Cartoon Network HD.sa,openepg,saudiarabia3,53,43.6,100.0,The Wonderfully Weird World of Gumball,‫م2 : ‫يعيش القط غامبول واترسون البالغ ١٢ عاما في إلمور ولديه ميول حول التورط في المشاكل برفقة صديقه العزيز السمكة داروين.‬‬,openepg:saudiarabia4:Cartoon Network Arabic.sa,openepg:saudiarabia3:Cartoon Network HD.sa,EN_TITLE_AR_DESC_PAIRED,ARABIC_SELECTED,,,openepg:saudiarabia5:Cartoon Network HD.sa;openepg:saudiarabia3:Cartoon Network Arabic.sa,https://www.open-epg.com/files/saudiarabia3.xml,,osn.xml.gz:CartoonNetworkMENA.uk@SD
,Cartoon-Network-Arabic-1.qa,Cartoon-Network-Arabic-1.qa,openepg,qatar4,197,42.8,0.0,أوغي أوغي - العرض,,,,NATIVE_TITLE_POLICY,ARABIC_SELECTED,,,openepg:qatar5:Cartoon-Network-Arabic-1.qa,https://www.open-epg.com/files/qatar4.xml,,osn.xml.gz:CartoonNetworkMENA.uk@SD
Egypt,Cima.eg,Cima.eg,openepg,egypt2,24,46.1,100.0,Altaenat al akhira,"The movie revolves around a love story that didn't succeed because of tight circumstances, so the woman in love is forced to marry a wealthy man and decides to give her dowry to her lover to start his own business.",,,NATIVE_TITLE_POLICY,ENGLISH_ACCEPTED_AFTER_4_AUDITS,0,,,https://www.open-epg.com/files/egypt2.xml,,elcinema.xml.gz:Cima.eg@SD
Saudi Arabia,CN Arabia.sa,CN Arabia.sa,openepg,saudiarabia5,58,63.1,100.0,The Wonderfully Weird World of Gumball,The Wonderfully Weird World of Gumball,,,NATIVE_TITLE_POLICY,ENGLISH_ACCEPTED_AFTER_4_AUDITS,0,,,https://www.open-epg.com/files/saudiarabia5.xml,,osn.xml.gz:CartoonNetworkArabic.ae@SD
,CNN.sa,CNN.sa,openepg,saudiarabia1,66,43.8,100.0,CNN Creators,يعرض أهم الأخبار العاجلة التي ترد إلى غرفة الأخبار من حول العالم.,openepg:saudiarabia5:CNN HD.sa,openepg:saudiarabia1:CNN.sa,EN_TITLE_AR_DESC_PAIRED,ARABIC_SELECTED,,,openepg:saudiarabia5:CNN HD.sa,https://www.open-epg.com/files/saudiarabia1.xml,,osn.xml.gz:CNNInternational.us@MENA
Saudi Arabia,Discovery HD.sa,Discovery HD.sa,openepg,saudiarabia1,54,43.7,100.0,Homestead Rescue:Grizzly Bait,مفهوم العيش حياة بسيطة أصبح يحظى بشعبية متزايدة، ولكن العديد من القادمين الجدد إلى مناطق بعينها يصابون بخيبة أمل في البداية. في هذه السلسلة نتابع خبير الحياة مارتي راني يعلم ابنته ميستي وابنه مات المهارات الأساسية حول كيفية البقاء على قيد الحياة في أقسى الظروف.,openepg:saudiarabia2:Discovery HD.sa,openepg:saudiarabia1:Discovery HD.sa,EN_TITLE_AR_DESC_PAIRED,ARABIC_SELECTED,2,openepg:saudiarabia2:Discovery HD.sa;openepg:saudiarabia5:Discovery Channel HD.sa,,https://www.open-epg.com/files/saudiarabia1.xml,,osn.xml.gz:DiscoveryChannelMiddleEastAfrica.us@SD
Saudi Arabia,Discovery IDX HD.sa,Discovery IDX HD.sa,openepg,saudiarabia5,16,15.1,100.0,American Monster,American Monster,openepg:saudiarabia5:Discovery IDX HD.sa,,EN_TITLE_NO_AR_DESC,ENGLISH_ACCEPTED_AFTER_4_AUDITS,0,,,https://www.open-epg.com/files/saudiarabia5.xml,,osn.xml.gz:InvestigationDiscovery.uk@SD
,Fatafeat.sa,Fatafeat.sa,openepg,saudiarabia1,58,43.5,100.0,100 لحمة:الحلقة 9,يطل عليكم الشيف طارق في برنامجه الجديد 100 لحمة، احتفالاً بقدوم شهر رمضان الكريم.,,,NATIVE_TITLE_POLICY,ARABIC_SELECTED,,,openepg:saudiarabia5:Fatafeat.sa,https://www.open-epg.com/files/saudiarabia1.xml,,osn.xml.gz:Fatafeat.ae@SD
Saudi Arabia,Gametoon.sa,Gametoon.sa,openepg,saudiarabia5,66,45.1,100.0,Stream Nation - Spyro,Stream Nation - Spyro,,,NATIVE_TITLE_POLICY,ENGLISH_ACCEPTED_AFTER_4_AUDITS,0,,,https://www.open-epg.com/files/saudiarabia5.xml,,osn.xml.gz:Gametoon.nl@SD
Saudi Arabia,Ginx.sa,Ginx.sa,openepg,saudiarabia5,51,43.6,100.0,Shut Up And Play,Shut Up And Play,,,NATIVE_TITLE_POLICY,ENGLISH_ACCEPTED_AFTER_4_AUDITS,0,,,https://www.open-epg.com/files/saudiarabia5.xml,,osn.xml.gz:GINXTV.uk@SD
Saudi Arabia,H2 HD.sa,H2 HD.sa,openepg,saudiarabia5,21,15.1,100.0,Food Tech,Food Tech,,,NATIVE_TITLE_POLICY,ENGLISH_ACCEPTED_AFTER_4_AUDITS,0,,,https://www.open-epg.com/files/saudiarabia5.xml,,osn.xml.gz:History2MiddleEast.us@SD
Saudi Arabia,History HD.sa,History HD.sa,openepg,saudiarabia5,21,15.1,100.0,The UnXplained: Mysteries of the Universe,The UnXplained: Mysteries of the Universe,openepg:saudiarabia5:History HD.sa,,EN_TITLE_NO_AR_DESC,ENGLISH_ACCEPTED_AFTER_4_AUDITS,0,,,https://www.open-epg.com/files/saudiarabia5.xml,,osn.xml.gz:HistoryMiddleEast.us@SD
Saudi Arabia,Jordan TV.sa,Jordan TV.sa,openepg,saudiarabia1,45,44.1,100.0,التلفزيون الأردني,تركز القناة على تقديم إعلام وطني هادف يكرّس حرية التعبير والرأي، كما تروّج للقيم الأردنية المتمثلة في التسامح والاعتدال والتعددية والمحافظة على الهوية الأردنية.,,,NATIVE_TITLE_POLICY,ARABIC_SELECTED,1,openepg:saudiarabia2:Jordan TV.sa,openepg:egypt1:الأردن.eg;openepg:egypt2:Jordan TV.eg,https://www.open-epg.com/files/saudiarabia1.xml,,elcinema.xml.gz:JordanTV.jo@SD
Saudi Arabia,LBC.sa,LBC.sa,openepg,saudiarabia1,36,45.1,100.0,قلب أمه,يصاب مجدي تختوخ، زعيم عصابة كبيرة، بإصابات بالغة يُنقل على إثرها للمستشفى، ليخضع لعملية زرع قلب من والدة يونس المتوفاة. تبدأ بعدها المواقف الكوميدية بين يونس وقلب أمه الذي زُرع في صدر تختوخ. بطولة شيكو وهشام ماجد، للمخرج عمرو صلاح.,,,NATIVE_TITLE_POLICY,ARABIC_SELECTED,1,openepg:saudiarabia2:LBC.sa,openepg:egypt2:LBC.eg,https://www.open-epg.com/files/saudiarabia1.xml,,elcinema.xml.gz:LBC.sa@SD
Egypt,Maspero Zaman.eg,Maspero Zaman.eg,openepg,egypt2,62,46.1,54.8,Falling in Sabe' Well,"Based on the novel ""Ibrahim and Inshirah"" by journalist Abdel Rahman Fahmy, the series revolves around a true story from the Egyptian intelligence files, about the recruitment of an Egyptian man and his wife to spy for the benefit of Israel.",,,NATIVE_TITLE_POLICY,ENGLISH_ACCEPTED_AFTER_4_AUDITS,0,,,https://www.open-epg.com/files/egypt2.xml,,elcinema.xml.gz:MasperoZaman.eg@SD
,MBC 3.sa,MBC 3.sa,openepg,saudiarabia1,167,43.0,100.0,تاتا وكوما:الحلقة 25,لا يريد الكلب العبقري تاتا والقطة كوما سوى يوم هادئ على الأريكة، لكن ما إن تغادر صاحبتهما مي المنزل حتى يبدأ الجنون! من قناديل فضائية إلى أرانب مصاصة للدماء، يخوض الثنائي معارك طريفة ضد متطفلين، في فوضى كوميدية لا تتوقف.,,,NATIVE_TITLE_POLICY,ARABIC_SELECTED,,,openepg:uae6:MBC3.ae,https://www.open-epg.com/files/saudiarabia1.xml,,osn.xml.gz:MBC3.ae@SD
UAE,MBC4.ae,MBC4.ae,openepg,uae6,38,26.1,100.0,ما زلت في ١٧ موسم 1 حلقة 40,تثير تصريحات أراس غضب أصدقائه، ما يؤدي إلى بقاء سرحات بلا حماية. لاحقا، يستمر سيل المصائب بنبأ إخلاء الميتم.,,,NATIVE_TITLE_POLICY,ARABIC_SELECTED,0,,,https://www.open-epg.com/files/uae6.xml,,mena.xml.gz:MBC4.ae@SD;shahid.xml.gz:MBC4.ae@SD
UAE,MBC5.ae,MBC5.ae,openepg,uae6,31,26.3,100.0,القضاء موسم 1 حلقة 99,تتغير حياة المحامية الشجاعة جيلين والنائب العام ألغاز عندما يضطران للعمل معا للتحقيق في جريمة قتل.,,,NATIVE_TITLE_POLICY,ARABIC_SELECTED,0,,,https://www.open-epg.com/files/uae6.xml,,osn.xml.gz:MBC5.ae@SD
Saudi Arabia,MCM TOP.sa,MCM TOP.sa,openepg,saudiarabia5,45,44.1,100.0,Top Mix,Top Mix,,,NATIVE_TITLE_POLICY,ENGLISH_ACCEPTED_AFTER_4_AUDITS,0,,,https://www.open-epg.com/files/saudiarabia5.xml,,osn.xml.gz:MCMTop.fr@SD
Egypt,Mix Bel Araby.eg,Mix Bel Araby.eg,openepg,egypt2,45,46.1,73.3,"Love, Reason, Get Even","A couple separates after several years of marriage, then the man suddenly becomes rich, and his life changes again when his ex-wife starts working for him.",,,NATIVE_TITLE_POLICY,ENGLISH_ACCEPTED_AFTER_4_AUDITS,0,,,https://www.open-epg.com/files/egypt2.xml,,elcinema.xml.gz:MixBelAraby.eg@SD
Saudi Arabia,Moonbug Kids.sa,Moonbug Kids.sa,openepg,saudiarabia5,77,63.1,100.0,CoComelon,CoComelon,,,NATIVE_TITLE_POLICY,ENGLISH_ACCEPTED_AFTER_4_AUDITS,0,,,https://www.open-epg.com/files/saudiarabia5.xml,,osn.xml.gz:MoonbugKids.uk@SD
Saudi Arabia,MOTORVISION.sa,MOTORVISION.sa,openepg,saudiarabia5,81,43.6,100.0,NZ Jetsprint Championship 2025,NZ Jetsprint Championship 2025,,,NATIVE_TITLE_POLICY,ENGLISH_ACCEPTED_AFTER_4_AUDITS,0,,,https://www.open-epg.com/files/saudiarabia5.xml,,osn.xml.gz:MotorvisionPlus.de@SD
Saudi Arabia,Nick Jr HD.sa,Nick Jr HD.sa,openepg,saudiarabia5,136,63.1,100.0,BARBAPAPA - One Big Happy Family!,BARBAPAPA - One Big Happy Family!,openepg:saudiarabia5:Nick Jr HD.sa,,EN_TITLE_NO_AR_DESC,ENGLISH_ACCEPTED_AFTER_4_AUDITS,0,,,https://www.open-epg.com/files/saudiarabia5.xml,,osn.xml.gz:NickJrArabia.ae@SD
Saudi Arabia,Nickelodeon HD.sa,Nickelodeon HD.sa,openepg,saudiarabia5,106,63.1,100.0,The Loud House,The Loud House,openepg:saudiarabia5:Nickelodeon HD.sa,,EN_TITLE_NO_AR_DESC,ENGLISH_ACCEPTED_AFTER_4_AUDITS,0,,,https://www.open-epg.com/files/saudiarabia5.xml,,osn.xml.gz:NickelodeonArabia.ae@SD
Saudi Arabia,NickToons HD.sa,NickToons HD.sa,openepg,saudiarabia5,115,63.1,100.0,"Rock, Paper, Scissors","Rock, Paper, Scissors",openepg:saudiarabia5:NickToons HD.sa,,EN_TITLE_NO_AR_DESC,ENGLISH_ACCEPTED_AFTER_4_AUDITS,0,,,https://www.open-epg.com/files/saudiarabia5.xml,,osn.xml.gz:NicktoonsArabia.ae@SD
,Oman TV.sa,Oman TV.sa,openepg,saudiarabia1,44,43.8,100.0,قناة عُمان العامة,تقدم البرامج الإخبارية والترفيهية ومسلسلات منوعة تلائم جميع أفراد الأسرة العربية.,,,NATIVE_TITLE_POLICY,ARABIC_SELECTED,,,openepg:egypt2:Oman.eg,https://www.open-epg.com/files/saudiarabia1.xml,,osn.xml.gz:OmanTV.om@SD
Saudi Arabia,One TV.sa,One TV.sa,openepg,saudiarabia1,45,44.1,100.0,One TV,قناة موسيقية عربية تعرض مجموعة متنوعة من الأغاني الكلاسيكية والحديثة المتميزة.,,,NATIVE_TITLE_POLICY,ARABIC_SELECTED,1,openepg:saudiarabia2:One TV.sa,,https://www.open-epg.com/files/saudiarabia1.xml,,elcinema.xml.gz:OnE.eg@SD
Saudi Arabia,OSNtv Comedy.sa,OSNtv Comedy.sa,openepg,saudiarabia5,104,43.9,100.0,2 Broke Girls,2 Broke Girls,openepg:saudiarabia5:OSNtv Comedy.sa,,EN_TITLE_NO_AR_DESC,ENGLISH_ACCEPTED_AFTER_4_AUDITS,0,,,https://www.open-epg.com/files/saudiarabia5.xml,,osn.xml.gz:OSNComedy.ae@SD
Saudi Arabia,OSNtv Kids.sa,OSNtv Kids.sa,openepg,saudiarabia5,120,63.1,100.0,Mix Master,Mix Master,openepg:saudiarabia5:OSNtv Kids.sa,,EN_TITLE_NO_AR_DESC,ENGLISH_ACCEPTED_AFTER_4_AUDITS,0,,,https://www.open-epg.com/files/saudiarabia5.xml,,osn.xml.gz:OSNKids.ae@SD
Saudi Arabia,OSNtv Mezze.sa,OSNtv Mezze.sa,openepg,saudiarabia5,45,44.0,100.0,My Kitchen Rules Australia,My Kitchen Rules Australia,openepg:saudiarabia5:OSNtv Mezze.sa,,EN_TITLE_NO_AR_DESC,ENGLISH_ACCEPTED_AFTER_4_AUDITS,0,,,https://www.open-epg.com/files/saudiarabia5.xml,,osn.xml.gz:OSNMezze.ae@SD
Saudi Arabia,OSNtv Movies Action.sa,OSNtv Movies Action.sa,openepg,saudiarabia5,24,43.6,100.0,The Matrix,The Matrix,openepg:saudiarabia5:OSNtv Movies Action.sa,,EN_TITLE_NO_AR_DESC,ENGLISH_ACCEPTED_AFTER_4_AUDITS,0,,,https://www.open-epg.com/files/saudiarabia5.xml,,osn.xml.gz:OSNMoviesAction.ae@SD
Saudi Arabia,OSNtv Movies Hollywood.sa,OSNtv Movies Hollywood.sa,openepg,saudiarabia5,26,44.6,100.0,LA LA Land,LA LA Land,openepg:saudiarabia5:OSNtv Movies Hollywood.sa,,EN_TITLE_NO_AR_DESC,ENGLISH_ACCEPTED_AFTER_4_AUDITS,0,,,https://www.open-epg.com/files/saudiarabia5.xml,,osn.xml.gz:OSNMoviesHollywood.ae@SD
Saudi Arabia,OSNtv Movies Premiere.sa,OSNtv Movies Premiere.sa,openepg,saudiarabia5,25,43.5,100.0,Zack Snyder's Justice League,Zack Snyder's Justice League,openepg:saudiarabia5:OSNtv Movies Premiere.sa,,EN_TITLE_NO_AR_DESC,ENGLISH_ACCEPTED_AFTER_4_AUDITS,0,,,https://www.open-epg.com/files/saudiarabia5.xml,,osn.xml.gz:OSNMoviesPremiere.ae@SD
Saudi Arabia,OSNtv Showcase.sa,OSNtv Showcase.sa,openepg,saudiarabia5,62,43.7,100.0,Curb Your Enthusiasm,Curb Your Enthusiasm,openepg:saudiarabia5:OSNtv Showcase.sa,,EN_TITLE_NO_AR_DESC,ENGLISH_ACCEPTED_AFTER_4_AUDITS,0,,,https://www.open-epg.com/files/saudiarabia5.xml,,osn.xml.gz:OSNShowcase.ae@SD
Saudi Arabia,OSNtv Yahala Aflam.sa,OSNtv Yahala Aflam.sa,openepg,saudiarabia5,29,45.1,100.0,El Anza AKA The Goat,El Anza AKA The Goat,openepg:saudiarabia5:OSNtv Yahala Aflam.sa,,EN_TITLE_NO_AR_DESC,ENGLISH_ACCEPTED_AFTER_4_AUDITS,0,,,https://www.open-epg.com/files/saudiarabia5.xml,,osn.xml.gz:OSNYahalaAflam.ae@SD
Saudi Arabia,OSNtv Yahala Bil Arabi.sa,OSNtv Yahala Bil Arabi.sa,openepg,saudiarabia5,51,43.5,100.0,Deep In Love,Deep In Love,openepg:saudiarabia5:OSNtv Yahala Bil Arabi.sa,,EN_TITLE_NO_AR_DESC,ENGLISH_ACCEPTED_AFTER_4_AUDITS,0,,,https://www.open-epg.com/files/saudiarabia5.xml,,osn.xml.gz:OSNYahalaBilArabi.ae@SD
Saudi Arabia,OSNtv Yahala.sa,OSNtv Yahala.sa,openepg,saudiarabia5,58,44.1,100.0,Baba Geh,Baba Geh,openepg:saudiarabia5:OSNtv Yahala.sa,,EN_TITLE_NO_AR_DESC,ENGLISH_ACCEPTED_AFTER_4_AUDITS,0,,,https://www.open-epg.com/files/saudiarabia5.xml,,osn.xml.gz:OSNYahala.ae@SD
Saudi Arabia,RFM TV.sa,RFM TV.sa,openepg,saudiarabia5,45,44.1,100.0,RFM Hits,RFM Hits,,,NATIVE_TITLE_POLICY,ENGLISH_ACCEPTED_AFTER_4_AUDITS,0,,,https://www.open-epg.com/files/saudiarabia5.xml,,osn.xml.gz:RFMTV.fr@SD
,RT Arabic.sa,RT Arabic.sa,openepg,saudiarabia1,86,43.2,100.0,Russian Dimension,تغطية مباشرة للأخبار المحلية والعالمية مع التركيز على التطورات في العالم، وصولاً إلى عرض دقيق وتحليلات معمقة تهم المشاهدين.,openepg:saudiarabia5:RT Arabic.sa,openepg:saudiarabia1:RT Arabic.sa,EN_TITLE_AR_DESC_PAIRED,ARABIC_SELECTED,,,openepg:saudiarabia5:RT Arabic.sa;openepg:saudiarabia5:RT English.sa,https://www.open-epg.com/files/saudiarabia1.xml,,osn.xml.gz:RTArabic.ru@SD;osn.xml.gz:RT.ru@SD
Saudi Arabia,Saudi Sports 1.sa,Saudi Sports 1.sa,openepg,saudiarabia1,43,44.1,100.0,السعودية الرياضية 1,عفواً، دليل البرامج غير متوفر حالياً. ولكن يمكنكم مشاهدة البرامج المسجلة من قبل.,,,NATIVE_TITLE_POLICY,ARABIC_SELECTED,1,openepg:saudiarabia2:Saudi Sports 1.sa,openepg:saudiarabia5:KSA Sports 1 HD.sa,https://www.open-epg.com/files/saudiarabia1.xml,,osn.xml.gz:KSASports1.sa@SD
Saudi Arabia,Sharjah TV.sa,Sharjah TV.sa,openepg,saudiarabia1,45,44.1,100.0,الشارقة,تقدم القناة سلسلة من البرامج المتنوعة تتناول القضايا الاجتماعية والسياسية والثقافية والترفيهية في آن معاً.,,,NATIVE_TITLE_POLICY,ARABIC_SELECTED,1,openepg:saudiarabia2:Sharjah TV.sa,openepg:egypt2:Sharjah TV.eg;openepg:egypt1:الشارقة.eg,https://www.open-epg.com/files/saudiarabia1.xml,,elcinema.xml.gz:SharjahTV.ae@SD
,Sky News Arabia HD.sa,Sky News Arabia HD.sa,openepg,saudiarabia1,44,43.8,100.0,Sky News عربية HD,تبث من داخل العالم العربي لتسلط الضوء على أحدث أخباره. كما تقدم بث حي ومباشر من قلب الأحداث وتغطية سريعة ومبكرة مع التركيز على الاحتراف الصحفي.,,,NATIVE_TITLE_POLICY,ARABIC_SELECTED,,,openepg:saudiarabia5:Sky News Arabia HD.sa,https://www.open-epg.com/files/saudiarabia1.xml,,osn.xml.gz:SkyNewsArabia.ae@SD
,TLC HD.sa,TLC HD.sa,openepg,saudiarabia1,59,43.3,100.0,90 Day Fiance: Happily Ever After? :Episode 16,بعد انقضاء مدة التأشيرة كي-1 للخطوبة، تستمر حياة الأزواج الذين تزوجوا، لكن سرعان ما ينقضى شهر العسل الحالم، ويبدأوا يغوصون في أمور الحياة الواقعية.,openepg:saudiarabia2:TLC HD.sa,openepg:saudiarabia1:TLC HD.sa,EN_TITLE_AR_DESC_PAIRED,ARABIC_SELECTED,,,openepg:saudiarabia5:TLC HD.sa,https://www.open-epg.com/files/saudiarabia1.xml,,osn.xml.gz:TLCArabia.us@SD
Saudi Arabia,Zee Alwan.sa,Zee Alwan.sa,openepg,saudiarabia1,44,44.1,100.0,حياة قلبي,دراما مستوحاة من المسلسل الشعبي كومكوم باجا، وتتابع قصة الشقيقتين بريتا وشريشتي اللتين تنتقلان إلى مومباي بعد وفاة والدهما، لتكتشفا أنهما ضاعتا من والدتهما سارلا أرورا منذ زمن طويل.,,,NATIVE_TITLE_POLICY,ARABIC_SELECTED,1,openepg:saudiarabia2:Zee Alwan.sa,openepg:egypt2:Zee alwan.eg;openepg:egypt1:زي ألوان.eg,https://www.open-epg.com/files/saudiarabia1.xml,,elcinema.xml.gz:ZeeAlwan.ae@SD
Egypt,آي فيلم.eg,آي فيلم.eg,openepg,egypt1,38,42.1,100.0,كسرة خبز,"يحكي الفيلم قصة امرأة أمية يمكنها تفسير اللغة العربية وقراءة القرآن في إحدى قرى منطقة جبلية في إيران حتى مع إغلاق عينيها, ويسافر لها الكثير من الناس إلى القرية على أمل الشفاء، بينما يتم إرسال ضابط في الجيش وهما أحمد أجالو لتقييم الوضع.",,,NATIVE_TITLE_POLICY,ARABIC_SELECTED,0,,,https://www.open-epg.com/files/egypt1.xml,,elcinema.xml.gz:iFilmArabic.ir@SD
Egypt,أون إي.eg,أون إي.eg,openepg,egypt1,27,34.6,29.6,فيلم عربي,,,,NATIVE_TITLE_POLICY,ARABIC_SELECTED,0,,openepg:egypt2:ON E.eg,https://www.open-epg.com/files/egypt1.xml,,elcinema.xml.gz:OnE.eg@SD
Egypt,أون دراما.eg,أون دراما.eg,openepg,egypt1,36,35.1,100.0,الكبير أوي ج8,في هذا الجزء من المسلسل، يتعرض (الكبير أوي) عمدة قرية (المزاريطة) لضغوط عديدة، حيث يجد نفسه مضطرًا للاهتمام بقضايا ومشاكل من حوله، ويتعرض لمواقف كوميدية.,,,NATIVE_TITLE_POLICY,ARABIC_SELECTED,0,,openepg:egypt2:ON Drama.eg,https://www.open-epg.com/files/egypt1.xml,,elcinema.xml.gz:OnDrama.eg@SD
Egypt,إس بي سي.eg,إس بي سي.eg,openepg,egypt1,45,42.1,55.6,ولد ليموت,يتبنى (حمود) الغاضب من أعمال والده الخيرية، وجهة نظر مختلفة حول ما يجب فعله بأموال عائلته الثرية، مما يدفعه إلى الاتسام بالقسوة، ويقدم على التلخص من والده، ووضع مخطط ليحقق غايته مهما كلفه من دماء.,,,NATIVE_TITLE_POLICY,ARABIC_SELECTED,0,,openepg:saudiarabia1:SBC.sa;openepg:egypt2:SBC.eg,https://www.open-epg.com/files/egypt1.xml,,elcinema.xml.gz:SBC.sa@SD
Egypt,إل بي سي آي.eg,إل بي سي آي.eg,openepg,egypt1,41,42.1,31.7,نهاركم سعيد,برنامج صباحي يومي، يهتم بمناقشة آخر المستجدات على الساحة السياسية، من خلال إستضافة المحليين السياسيين، لمناقشة القضايا التي تهم الرأي العام في لبنان. كان البرنامج عند انطلاقته بعام 1996 يتناول الأحداث السياسية بفقرة صغيرة مدتها نصف ساعة وبقية فترة البرنامج كانت حول أمور ثقافية ومنوعة.,,,NATIVE_TITLE_POLICY,ARABIC_SELECTED,0,,,https://www.open-epg.com/files/egypt1.xml,,elcinema.xml.gz:LBCInternational.lb@SD
Egypt,إل بي سي.eg,إل بي سي.eg,openepg,egypt1,34,42.1,73.5,قلب أمه,يونس عبدالحي(هشام ماجد) مؤلف أفلام فاشلة، يقتبسها من أفلام أجنبية، ويحيلها بسبب جهله لمواقف كوميدية تافهة، ويتمتع بشخصية ضعيفة، تسيطر عليها والدته المستبدة خلود السمنودي (دلال عبدالعزيز)، وهى التى تنفق عليه، وترسم له كل خيوط حياته، ويعتمد عليها فى كل شيئ، كما كان يونس على علاقة حب بفتاة تعمل فى شركة لمقاومة الحشرات، تدعي عليا (نور قدري)، تعترض على كونه يعيش عالة على أمه دون عمل، وتري أن النملة أفضل منه، لأنها تعمل بإجتهاد، وتأمل عليا فى تغيير يونس للأفضل. مجدي نخنوخ (شيكو) رجل أعمال مشبوه، يتاجر وعصابته فى الممنوع، وهو شخصية إسطورية إجرامية، يستعد لإتمام عملية “لبن العصفور”، مع جماعة كورية، وقد دفع ثمن البضاعة، وينتظر التسليم، وقد إنشق عنه عضو العصابة سعد البوهيمي (محمد ثروت)، ويتصارعان على عملية لبن العصفور، وقد نما إلى علم المقدم عاطف الشعلة (محمود الليثي)بأمر عملية لبن العصفور، فقرر مراقبتهما حتى يقبض على نخنوخ متلبساً. لم يتحمل قلب خلود السمنودي عصيان أبنها يونس، فأصيبت بنوبة قلبية، دخلت على إثرها المستشفي، وأعلن الطبيب الفاسد (سامي مغاوري) موتها إكلينيكياً، بعد توقف المخ عن أداء وظائفه، وبقي القلب سليماً، لذلك عندما إنغرز سيخ من الحديد فى قلب نخنوخ، وتم نقله للمستشفي، واحتياجه لنقل قلب، قام الطبيب الفاسد، تحت التهديد، بنقل قلب خلود، الى نخنوخ، دون علم أهلها. قامت العصابة بقتل الطبيب وقطع لسان الممرضة، حتى تصبح العملية سرية، وبحثوا عن يونس لقتله أيضاً، ولكن نخنوخ الذى يعيش بقلب خلود والدة يونس، لم يطاوعه قلبه قتل يونس، الذى تحرر من قيود امه بعد موتها، وفك الوديعة وإشتري كلب وديع، ولكن نخنوخ أصبح ملاكه الحارس، يساعده حتى فى أمور معيشته، ويشرف على طعامه، كما كانت تفعل أمه بالضبط، ويكلف أفراد عصابته بتنظيف المنزل وغسل الغسيل وطبخ الطعام، كما ساعده على الزواج من عليا، رغم إعتراض والديها، وعندما طالبه صاحب المنزل بالإيجار المتأخر، قام نخنوخ بقتل صاحب البيت، وإشتري ليونس المنزل والمنازل المجاورة، وأجبر الفنان حسن الرداد على شراء رواية تافهة أقتبسها يونس، وعندما أهمل الرداد فى تمثيلها تم قتله، ولجأ نخنوخ الى الفنان كريم فهمي، واجبره على إنتاج الرواية التافهة. أفشي المقدم الشعلة بسر نخنوخ الى يونس، وأخبره بأن نخنوخ يعيش بقلب أمه، وطلب منه التعاون معه، للإيقاع بنخنوخ. وحينما حاول البوهيمي قتل نخنوخ، فى حفل زفاف يونس، أصاب الأخير إصابة سطحية، وإعترضت عليا على علاقة يونس مع زعيم العصابة نخنوخ، وطلبت منه إنهاء تلك العلاقة، واتهمته بالضعف والتخاذل، وسألته ماذا سيفعل عندما يتم القبض على نخنوخ، الذى يعتمد عليه تماماً، وسمع نخنوخ الحوار، وتأثر عاطفياً، وقرر التوبة، وأهمل أمر العصابة، وعمل جرسوناً فى كافيه، ولكن المقدم الشعلة، إتفق مع يونس على إعادة نخنوخ للأجرام، حتى يكتشف عملية لبن العصفور، وبالفعل عاد نخنوخ لإتمام عملية لبن العصفور، وكانت عبارة عن كمية كبيرة من الهيروين مخبئة فى تماثيل ذهبية، واكتشف يونس أن نخنوخ الذى يعيش بقلب امه، كان يعلم أن يونس يعمل ضده مع البوليس، ولم يعترض وطلب منه إرشاد البوليس عن مكان العملية، كما قام نخنوخ بقتل البوهيمي، وإنقاذ يونس، وإختفى نخنوخ، وصرح يونس أن نخنوخ مات غرقاً فى البحر، وعكف يونس على تغيير مسار حياته، بكتابة قصته مع نخنوخ وقلب أمه، والتى قوبلت برضاء جميع النقاد. (قلب أمه),,,NATIVE_TITLE_POLICY,ARABIC_SELECTED,0,,,https://www.open-epg.com/files/egypt1.xml,,elcinema.xml.gz:LBC.sa@SD
,إم بي سي 2.eg,إم بي سي 2.eg,openepg,egypt1,15,33.3,100.0,Pacific Rim,"عندما تخرج من أعماق المحيط وحوش عملاقة آتية من عالم آخر، تقوم بتدمير مدن بأكملها وتودي بحياة الملايين، يقوم البشر بصناعة آليين هائلي الحجم يطلق عليهم ""جياجرز"" لمحاربة تلك الكائنات، على أن يتم التحكم في كل جياجر عن طريق طيارين من البشر، لكن كل هذا لا يجدي نفعاً أمام تلك المخلوقات الجبارة، وتستمر الحرب لأكثر من 20 عامًا، تكاد فيها حضارة البشر أن تنهار، قبل أن يبزغ أمل جديد في الأفق.",,,NATIVE_TITLE_POLICY,ARABIC_SELECTED,,,openepg:uae6:MBC2.ae,https://www.open-epg.com/files/egypt1.xml,,elcinema.xml.gz:MBC2.ae@SD
Egypt,إم تي في.eg,إم تي في.eg,openepg,egypt1,41,35.6,36.6,برنامج,,,,NATIVE_TITLE_POLICY,ARABIC_SELECTED,0,,,https://www.open-epg.com/files/egypt1.xml,,elcinema.xml.gz:MTV.lb@SD
Egypt,ال تي في.eg,ال تي في.eg,openepg,egypt1,43,42.1,76.7,أخبار,,,,NATIVE_TITLE_POLICY,ARABIC_SELECTED,0,,,https://www.open-epg.com/files/egypt1.xml,,elcinema.xml.gz:LanaTV.lb@SD
Egypt,الثانية.eg,الثانية.eg,openepg,egypt1,38,35.1,60.5,برنامج صباح سوريا,,,,NATIVE_TITLE_POLICY,ARABIC_SELECTED,0,,,https://www.open-epg.com/files/egypt1.xml,,elcinema.xml.gz:Althania.sy@SD
Egypt,الجديد.eg,الجديد.eg,openepg,egypt1,45,42.1,17.8,برنامج الحدث,,,,NATIVE_TITLE_POLICY,ARABIC_SELECTED,0,,openepg:egypt2:Al Jadeed TV.eg,https://www.open-epg.com/files/egypt1.xml,,elcinema.xml.gz:AlJadeed.lb@SD
Egypt,الحياة.eg,الحياة.eg,openepg,egypt1,37,43.1,32.4,برنامج,,,,NATIVE_TITLE_POLICY,ARABIC_SELECTED,0,,openepg:egypt2:Alhayat TV.eg,https://www.open-epg.com/files/egypt1.xml,,elcinema.xml.gz:AlhayatTV.eg@SD
Egypt,الرشيد.eg,الرشيد.eg,openepg,egypt1,45,42.1,4.4,برنامج يوم جديد,,,,NATIVE_TITLE_POLICY,ARABIC_SELECTED,0,,openepg:egypt2:Alrasheed.eg,https://www.open-epg.com/files/egypt1.xml,,elcinema.xml.gz:AlRasheedTV.iq@SD
Egypt,السعودية.eg,السعودية.eg,openepg,egypt1,60,42.1,56.7,صباح السعودية,برنامج يقدمه نواف الزهراني وآمنة أبو الحسن، يستعرض الأحداث داخل المملكة العربية السعودية، وإرشادات من متخصصين في كل المجالات، التي تهم المواطنين.,,,NATIVE_TITLE_POLICY,ARABIC_SELECTED,0,,openepg:egypt2:Saudiya TV.eg,https://www.open-epg.com/files/egypt1.xml,,elcinema.xml.gz:AlSaudiya.sa@SD
Egypt,السعيدة.eg,السعيدة.eg,openepg,egypt1,44,42.1,34.1,قضية صفية,يموت أبو (صفية) ويترك لها ميراثًا كبيرًا، ليظهر فى حياتها فجأة رجل يدّعى أنه شقيقها، ويحول حياتها لجحيم، ليٌقتل وتتهم صفية بقتله، فتقرر الهروب لتحاول إثبات براءتها من جريمة القتل، فهل ستنجح؟,,,NATIVE_TITLE_POLICY,ARABIC_SELECTED,0,,,https://www.open-epg.com/files/egypt1.xml,,elcinema.xml.gz:AlSaeedah.eg@SD
Egypt,السومرية.eg,السومرية.eg,openepg,egypt1,44,42.1,18.2,برنامج رحال,,,,NATIVE_TITLE_POLICY,ARABIC_SELECTED,0,,openepg:egypt2:Alsumaria.eg,https://www.open-epg.com/files/egypt1.xml,,elcinema.xml.gz:Alsumaria.iq@SD
Egypt,الشرقية.eg,الشرقية.eg,openepg,egypt1,50,42.1,30.0,صباح الشرقية,برنامج (صباح الشرقية) يناقش العديد من المعلومات الاجتماعية والصحية والأسرية، ويستضيف نجوم الفن، كما يقدم العديد من الفقرات المتنوعة التي تغطي مواضيع شتى.,,,NATIVE_TITLE_POLICY,ARABIC_SELECTED,0,,,https://www.open-epg.com/files/egypt1.xml,,elcinema.xml.gz:AlSharqiyaMinKabla.ae@SD
Egypt,الشروق الجزائرية.eg,الشروق الجزائرية.eg,openepg,egypt1,44,42.1,31.8,برنامج صباح الشروق,,,,NATIVE_TITLE_POLICY,ARABIC_SELECTED,0,,,https://www.open-epg.com/files/egypt1.xml,,elcinema.xml.gz:EchoroukTV.dz@SD
Egypt,الظفرة.eg,الظفرة.eg,openepg,egypt1,46,42.1,69.6,برنامج ودام وفوالة,,,,NATIVE_TITLE_POLICY,ARABIC_SELECTED,0,,openepg:saudiarabia1:Al Dafrah.sa;openepg:egypt2:Al Dafrah.eg,https://www.open-epg.com/files/egypt1.xml,,elcinema.xml.gz:AlDafrahTV.ae@SD
Egypt,العراقية.eg,العراقية.eg,openepg,egypt1,44,35.1,34.1,برنامج,,,,NATIVE_TITLE_POLICY,ARABIC_SELECTED,0,,,https://www.open-epg.com/files/egypt1.xml,,elcinema.xml.gz:AlIraqia.iq@SD
,العربية Business.ae,العربية Business.ae,openepg,uae6,5,25.8,100.0,فتح السوق,فتح السوق,,,NATIVE_TITLE_POLICY,ARABIC_SELECTED,,,openepg:saudiarabia1:Al Arabiya Business.sa,https://www.open-epg.com/files/uae6.xml,,mena.xml.gz:AlArabiyaBusiness.ae@SD;shahid.xml.gz:AlArabiyaBusiness.ae@SD
UAE,العربية.ae,العربية.ae,openepg,uae6,37,26.1,100.0,أخبار العربية,كن في الطليعة مع آخر الأخبار العاجلة وأهم الأحداث الجارية، بالإضافة إلى معرفة كل ما يدور حولك من أحداث سواء كانت في المنطقة العربية أو حول العالم.,,,NATIVE_TITLE_POLICY,ARABIC_SELECTED,0,,openepg:saudiarabia5:Al Arabiya.sa,https://www.open-epg.com/files/uae6.xml,,osn.xml.gz:AlarabiyaPortrait.ae@SD
Egypt,الفجيرة.eg,الفجيرة.eg,openepg,egypt1,39,34.1,51.3,الجار للجار,في إطار كوميدي، يعيش صلاح رفقة زوجته التي تمتلك الكثير من الطباع السيئة داخل مبنى سكني يضم الكثير من الشخصيات المختلفة والتي تأتي بمفاهيم وعادات مختلفة عن بعضها البعض.,,,NATIVE_TITLE_POLICY,ARABIC_SELECTED,0,,openepg:saudiarabia1:Fujairah TV.sa;openepg:egypt2:Fujairah.eg,https://www.open-epg.com/files/egypt1.xml,,elcinema.xml.gz:FujairahTV.ae@SD
Egypt,القاهرة والناس 2.eg,القاهرة والناس 2.eg,openepg,egypt1,37,42.1,56.8,برنامج عالم البيزنس,,,,NATIVE_TITLE_POLICY,ARABIC_SELECTED,0,,openepg:egypt2:Al Kahera Wal Nas TV 2.eg,https://www.open-epg.com/files/egypt1.xml,,elcinema.xml.gz:AlKaheraWalNas2.eg@SD
Egypt,القاهرة والناس.eg,القاهرة والناس.eg,openepg,egypt1,36,43.1,47.2,برنامج عالم البيزنس,,,,NATIVE_TITLE_POLICY,ARABIC_SELECTED,0,,openepg:egypt2:Al Kahera Wal Nas TV.eg,https://www.open-epg.com/files/egypt1.xml,,elcinema.xml.gz:AlKaheraWalNas.eg@SD
Egypt,المحور.eg,المحور.eg,openepg,egypt1,33,43.1,36.4,فيلم,,,,NATIVE_TITLE_POLICY,ARABIC_SELECTED,0,,openepg:egypt2:Mehwar.eg,https://www.open-epg.com/files/egypt1.xml,,elcinema.xml.gz:ElMehwarChannel.eg@SD
Egypt,المصرية.eg,المصرية.eg,openepg,egypt1,40,42.1,37.5,لن أعيش في جلباب أبي,تدور أحداث المسلسل حول قصة الصعود من القاع إلى القمة، حيث يبدأ عبد الغفور البرعي (نور الشريف) حياته العملية من وكالة الحاج إبراهيم سردينة (عبد الرحمن أبو زهرة) أحد كبار التجار بوكالة البلح، ويتمكن بإجتهاده وأمانته من الفوز بثقة الحاج سردينة، ولكنه في الوقت نفسه أثار ضده أحقاد مرسي (خليل مرسى) كبير العمال الذى سعي لإفساد العلاقة بين عبد الغفور، ومحفوظ (مصطفى متولى) الابن الوحيد للحاج سردينة الذي تعمد إذلاله وإهانته.يعجب عبد الغفور بفاطمة (عبلة كامل) بائعة الكشري، التي تبادله الإعجاب وتحاول مساعدته في مشواره الصعب، وتمر الأيام ويزداد عبد الغفور خبرة في عمله ويتمكن بمساعدة الحاج إبراهيم سردينة من سبر أغوار المهنة ويساعده في ذلك فهيم أفندي الرجل المتعلم العالم ببواطن الأمور، وبالتدريج يتمكن عبد الغفور من الاستقلال عن الحاج سردينة وإدارة عمل خاص به، ويتخذ من سيد (مخلص البحيري) الأخ الوحيد لفاطمة وفهيم أفندي مساعدين له، ويتزوج من فاطمة وينجب ولده عبد الوهاب (محمد رياض)، وأربع فتيات (سنية، وبهيرة، ونفيسة (منال سلامة)، ونظيرة (حنان ترك))، وبمهارته وذكائه يتمكن عبد الغفور من حجز مكانه وسط عالم التجار في الوكالة، ليصبح أحد أكبر رجال الأعمال في مصر، حتى أن محفوظ بعدما كان يعامله بإزدراء سعى جاهداً لنيل صداقته من جديد، وعلى الرغم من توافر مقومات السعادة في حياة عبد الغفور البرعي، إلا إنه عانى من ابتعاد ولده الوحيد عنه، وإصرار عبد الوهاب على بناء عالم خاص جداً بعيداً عن والده ونفوذه. فلم تكن الثروة التي جمعها عبد الغفور مصدر سعادة له حسب ما إعتقد الجميع لكنها كادت أن تصبح لعنة تطارد أبناءه الواحد تلو الآخر.,,,NATIVE_TITLE_POLICY,ARABIC_SELECTED,0,,,https://www.open-epg.com/files/egypt1.xml,,elcinema.xml.gz:AlMasriyah.eg@SD
Egypt,النهار دراما.eg,النهار دراما.eg,openepg,egypt1,36,35.1,100.0,أبو العروسة ج2,استكمالا ﻷحداث الموسم الأول من المسلسل، تتطور الأحداث حيث تنتظر زينه (ولاء الشريف) - ابنه عبدالحميد (سيد رجب) - مولودتها الأولى، وتقرر هي وزوجها السفر لأمريكا لإنجاب طفلتها، ومن باب الصدفة يخبر الأطباء عبدالحميد أنه سيفقد بصره خلال شهر قبل أن يرى حفيدته الأولى.,,,NATIVE_TITLE_POLICY,ARABIC_SELECTED,0,,openepg:saudiarabia1:Al Nahar Drama.sa;openepg:egypt2:Al Nahar Drama.eg,https://www.open-epg.com/files/egypt1.xml,,elcinema.xml.gz:AlNaharDrama.eg@SD
Egypt,تلفزيون حضرموت.eg,تلفزيون حضرموت.eg,openepg,egypt1,51,35.1,19.6,برنامج صفوة القول في الآداب,,,,NATIVE_TITLE_POLICY,ARABIC_SELECTED,0,,,https://www.open-epg.com/files/egypt1.xml,,elcinema.xml.gz:HadhramautTV.ye@SD
Egypt,تن.eg,تن.eg,openepg,egypt1,42,42.1,28.6,برنامج ليالي تن,,,,NATIVE_TITLE_POLICY,ARABIC_SELECTED,0,,,https://www.open-epg.com/files/egypt1.xml,,elcinema.xml.gz:TeN.eg@SD
Egypt,دجلة.eg,دجلة.eg,openepg,egypt1,36,35.1,2.8,برنامج,,,,NATIVE_TITLE_POLICY,ARABIC_SELECTED,0,,,https://www.open-epg.com/files/egypt1.xml,,elcinema.xml.gz:DijlahTV.iq@SD
Egypt,دي إم سي دراما.eg,دي إم سي دراما.eg,openepg,egypt1,33,35.1,97.0,حكايات جروب الدفعة,حادثة تُغير مجرى حياة ندى فبدلًا من بدء حياتها العملية تدخل في غيبوبة لمدة سبع سنوات لتتصاعد الأحداث.,,,NATIVE_TITLE_POLICY,ARABIC_SELECTED,0,,openepg:egypt2:DMC DRAMA.eg,https://www.open-epg.com/files/egypt1.xml,,elcinema.xml.gz:DMCDrama.eg@SD
Egypt,دي إم سي.eg,دي إم سي.eg,openepg,egypt1,21,42.1,42.9,حفل غنائي,,,,NATIVE_TITLE_POLICY,ARABIC_SELECTED,0,,openepg:egypt2:DMC.eg;openepg:saudiarabia5:DMC HD.sa,https://www.open-epg.com/files/egypt1.xml,,elcinema.xml.gz:DMC.eg@SD;osn.xml.gz:DMC.eg@SD
Egypt,ذكريات.eg,ذكريات.eg,openepg,egypt1,45,35.1,64.4,مقادير,بعد وفاة والدهما، تتولى والدة (فايز) و(غازي) رعايتهما، لكن بسبب كبر سنها وعدم قدرتها على العمل، يترك (فايز) دراسته الجامعية ويسافر إلى مدينة (عَمان) للبحث عن عمل، ومن خلال التنقل بين وظيفة وأخرى، يبدأ في الصعود من القاع إلى القمة وتحقيق ثروة كبيرة ومكانة اجتماعية مرموقة.,,,NATIVE_TITLE_POLICY,ARABIC_SELECTED,0,,,https://www.open-epg.com/files/egypt1.xml,,elcinema.xml.gz:ThikrayatTV.sa@SD
Egypt,رؤيا.eg,رؤيا.eg,openepg,egypt1,35,42.1,54.3,مطبخ رؤيا,برنامج (مطبخ رؤيا) يُقدم مقادير وطرق تحضير العديد من المأكولات والأطباق المحلية والعربية والعالمية.,,,NATIVE_TITLE_POLICY,ARABIC_SELECTED,0,,openepg:saudiarabia1:Roya.sa;openepg:egypt2:Roya.eg,https://www.open-epg.com/files/egypt1.xml,,elcinema.xml.gz:RoyaTV.jo@SD;osn.xml.gz:RoyaTV.jo@SD
Egypt,سي بي سي دراما.eg,سي بي سي دراما.eg,openepg,egypt1,36,35.1,100.0,ستهم,بعدما يُقتل زوجها، تدخل (ستهم) في عدة صراعات مع أسرتها وتحاول تربية أبناءها بعيدا عن المشاكل، ثم تضطر للتنكر في هيئة رجل حتى تواجه الصعوبات التي تقابلها في الحياة.,,,NATIVE_TITLE_POLICY,ARABIC_SELECTED,0,,openepg:saudiarabia1:CBC Drama.sa;openepg:egypt2:CBC Drama.eg,https://www.open-epg.com/files/egypt1.xml,,elcinema.xml.gz:CBCDrama.eg@SD
Egypt,سي بي سي.eg,سي بي سي.eg,openepg,egypt1,28,34.6,57.1,مناعة,في منتصف الثمانينيات، تجد غرام نفسها وحيدة مع ثلاثة أطفال بعد مقتل زوجها الذي كان يعمل في تجارة المخدرات، فتوافق سرًا على زرع المخدرات داخل المقابر. ما يبدأ كمحاولة للبقاء يتحول إلى صعود خطير في عالم المخدرات، إلى أن تصبح «ست الحُسن» وقائدة شبكة إجرامية قوية. لكن مع تحرّك السلطات، ينهار نفوذ غرام وتُجبر على مواجهة العدالة وعواقب اختياراتها.,,,NATIVE_TITLE_POLICY,ARABIC_SELECTED,0,,openepg:saudiarabia1:CBC.sa;openepg:egypt2:CBC.eg,https://www.open-epg.com/files/egypt1.xml,,elcinema.xml.gz:CBC.eg@SD
Egypt,سيما.eg,سيما.eg,openepg,egypt1,22,42.1,100.0,الطعنة الأخيرة,أمينه مرسى (عايده رياض) إبنة عم مرسى التربى (حسن حسنى) تعيش مع ابيها وأمها (ماجده كامل) وإخوتها الخمسة فى المقابر، وقد حصلت على ليسانس الحقوق مؤخرا وتعمل بمكتب المحامى الكبير حسين العشماوى (كمال الزينى) محامى تحت التمرين مقابل مرتب ٣٠٠ جنيه شهريا، وتعمل ايضا بالخدمة العامه نظير مكافأة ٢٩ جنيه فى الشهر، ويستولى والدها مرسى على مرتبها ليصرفه على مزاجه، وتحب أمينه جارهم بالمقابر احمد منصور (هشام عبدالحميد) خريج كلية التجارة وإبن هنيه الدايه (كوثر رمزى)، والذى يعمل محاسب بمطبعة بالموسكى نظير ٧٠ جنيه شهريا، وعندما تقدم لخطبة أمينه، تم رفضه لعدم قدرته على فتح بيت خارج المقابر. أرسل المحامى الكبير حسين العشماوى، المحامية تحت التمرين أمينه، الى العميل الكبير رجل الأعمال الثرى يوسف البكرى (مصطفى متولى) لتوقيع بعض الأوراق، فأعجب بها وأراد إبهارها ببعض الهدايا لإستمالتها الى فراشه فلم يتمكن، فأحال عليها مديرة مكتب المحامى ماجدولين (نبيلة كرم) سيئة السمعه، لمحاولة التوسط لينالها، ولكنها ايضا فشلت. كان يوسف البكرى متعدد العلاقات النسائية مستخدما أمواله الكثيرة، وعازفا عن الزواج، وكان فى كنفه عشيقته مشمش (ياسمين) ولكنه سأمها، واراد تجربة دم جديد، وأثاره رفض أمينه له، فتمسك بها أكثر، وتقدم لوالدها التربى عم مرسى وعرض مهر ١٠٠ ألف جنيه كاش، فوافق على الفور، ولكن أمينه إشترطت على والدها ان تأخذ نصف المبلغ، وذهبت الى احمد ليهربا سويا ويتزوجا بالمبلغ، ولكن أحمد رفض، لأنه يريد ان يتزوجها بحر ماله، ولا يوافق على الزواج بها بمالها، وطلب منها إرجاع المبلغ لوالدها، ولكنها أقنعته بالزواج من يوسف لبعض الوقت، للإستيلاء على بعض امواله، لعمل مشروع لمستقبلهم معا، فوافق احمد على الفور، وتزوجت أمينه من يوسف، واشتروا بالمبلغ شقه، وبدأت فى ابتزاز يوسف، واتفقت مع ماجدولين على فتح شركة مقاولات بإسم حبيبها احمد، ولكن ماجدولين إستغلت الموقف للإيقاع بين احمد وأمينه، واستمالت احمد لجانبها، وأصبحت عشيقته، وعندما ارادت امينه الإكتفاء بما حصلت عليه من يوسف، رفض احمد الفكرة، وفكر فى الإستيلاء على كل أموال يوسف، وإتفق مع أمينه على قتل يوسف لترثه، فسلمته نسخة من مفتاح فيللا المزرعة، حيث يقضى يوسف ليلته فى أحضان عشيقته مشمش، وقام أحمد بحرق الإثنين معا فى الفراش، لترث أمينه ٥ مليون جنيه، غير أن أمينه لم تتحمل ان المرحوم زوجها كان يخونها، فأدمنت شرب الخمر، وساءت حالتها، وإستغل احمد الموقف، محاولا إيهام أمينه بالجنون، حتى يدخلها المصحة، ويصبح هو الوصى على اموالها، بعد ان تزوجها، ونجح فى ادخالها المستشفى، ولكنها خرجت بعد شهر بعد ان شفيت تماما، فحاول معها مرة أخرى، ولكنها اكتشفت المؤامرة، وإكتشفت العلاقة الآثمة بينه وبين ماجدولين، فإدعت بالفعل الجنون، وأثبتت للجميع سوء حالتها، وعدم مسئوليتها عن تصرفاتها، وفى اللحظة المناسبة، تركت المصحة، وفاجئت أحمد فى فراشها مع عشيقته ماجدولين، وأطلقت عليهم الرصاص فقتلتهم، وتم ايداعها المصحة النفسية. (الطعنة الأخيرة),,,NATIVE_TITLE_POLICY,ARABIC_SELECTED,0,,,https://www.open-epg.com/files/egypt1.xml,,elcinema.xml.gz:Cima.eg@SD
Egypt,صدى البلد 2.eg,صدى البلد 2.eg,openepg,egypt1,36,42.1,11.1,صباح البلد,برنامج (صباح البلد) برنامج شامل في موضوعاته ويعرض على قناة (صدى البلد)، تقدمه الإعلامية (دينا رامز).,,,NATIVE_TITLE_POLICY,ARABIC_SELECTED,0,,openepg:egypt2:Sada El Balad 2.eg,https://www.open-epg.com/files/egypt1.xml,,elcinema.xml.gz:SadaElbalad2.eg@SD
Egypt,صدى البلد دراما.eg,صدى البلد دراما.eg,openepg,egypt1,43,42.1,100.0,العهد,تدور الأحداث داخل حارة دمشقية في مرحلتين زمنيتين تفصل بينهما 15 سنة، خلال الفترة التي سبقت تحرير دمشق من الاحتلال العثماني، وفترة هيمنته على الحارة، حيث يولد نزاع قوي بين وجهاء وأعيان الحارة للرد عليه ومقاومته.,,,NATIVE_TITLE_POLICY,ARABIC_SELECTED,0,,openepg:egypt2:Sada El Balad Drama.eg,https://www.open-epg.com/files/egypt1.xml,,elcinema.xml.gz:SadaElbaladDrama.eg@SD
Egypt,صدى البلد.eg,صدى البلد.eg,openepg,egypt1,37,42.1,32.4,برنامج على مسؤليتي,,,,NATIVE_TITLE_POLICY,ARABIC_SELECTED,0,,openepg:egypt2:Sada El Balad.eg,https://www.open-epg.com/files/egypt1.xml,,elcinema.xml.gz:SadaElbalad.eg@SD
Egypt,عمان.eg,عمان.eg,openepg,egypt1,83,42.6,43.4,برنامج مؤشرات,,,,NATIVE_TITLE_POLICY,ARABIC_SELECTED,0,,,https://www.open-epg.com/files/egypt1.xml,,elcinema.xml.gz:OmanTV.om@SD
Egypt,عَمان.eg,عَمان.eg,openepg,egypt1,36,35.1,13.9,برنامج,,,,NATIVE_TITLE_POLICY,ARABIC_SELECTED,0,,,https://www.open-epg.com/files/egypt1.xml,,elcinema.xml.gz:AmmanTV.jo@SD
Egypt,ماسبيرو زمان.eg,ماسبيرو زمان.eg,openepg,egypt1,58,42.4,60.3,السقوط في بئر سبع,يدور المسلسل حول قصة حقيقية من ملفات المخابرات المصرية، حول تجنيد مصري وزوجته للتجسس لصالح إسرائيل، القصة نقلًا عن رواية (إبراهيم وانشراح) للكاتب الصحفي عبدالرحمن فهمي.,,,NATIVE_TITLE_POLICY,ARABIC_SELECTED,0,,,https://www.open-epg.com/files/egypt1.xml,,elcinema.xml.gz:MasperoZaman.eg@SD
Egypt,ميكس بالعربي.eg,ميكس بالعربي.eg,openepg,egypt1,41,42.1,87.8,"Love, Reason, Get Even",تدور الأحداث في إطار رومانسي كوميدي، حيث ينفصل زوجان بعد عدة سنوات من الزواج، ثم يصبح الرجل ثريًا فجأة، وتتغير حياته مرة أخرى عندما تبدأ زوجته السابقة العمل معه.,,,NATIVE_TITLE_POLICY,ARABIC_SELECTED,0,,,https://www.open-epg.com/files/egypt1.xml,,elcinema.xml.gz:MixBelAraby.eg@SD
Egypt,نايل دراما.eg,نايل دراما.eg,openepg,egypt1,43,42.1,97.7,لدواعي أمنية,تدور أحداث المسلسل حول شاب ثري فقد كل أمواله نتيجة لسفاهته، لينفض عنه كل من حوله ماعدا سكرتيره السابق والذي يستضيفه بشقته المتواضعة حتى يجد مخرجًا لأزمته، ثم يلتقي بالصدفة بصديقه القديم صاحب شركة للأمن الخاص والذي يوفر له فرصة عمل لتتوالى الأحداث.,,,NATIVE_TITLE_POLICY,ARABIC_SELECTED,0,,openepg:egypt2:Nile Drama.eg,https://www.open-epg.com/files/egypt1.xml,,elcinema.xml.gz:NileDrama.eg@SD
Egypt,نايل لايف.eg,نايل لايف.eg,openepg,egypt1,36,42.1,27.8,نهارك سعيد,برنامج صباحي يُعرض على شاشة قناة (نايل لايف)، يقوم بالمتابعة اليومية لما يهم الجمهور، ويلقي الضوء على ظواهر اجتماعية ومجتمعية مختلفة، مع استضافة أرباب التخصصات التي يتحدث بصددها لنقل الرأي الخبير، كما يحاول أن يشمل جميع أفراد الأسرة فيما يرتبط بها من أخبار وقضايا.,,,NATIVE_TITLE_POLICY,ARABIC_SELECTED,0,,openepg:egypt2:Nile Life.eg,https://www.open-epg.com/files/egypt1.xml,,elcinema.xml.gz:NileLife.eg@SD
Egypt,نسمة.eg,نسمة.eg,openepg,egypt1,50,42.1,34.0,برنامج البازار,,,,NATIVE_TITLE_POLICY,ARABIC_SELECTED,0,,,https://www.open-epg.com/files/egypt1.xml,,elcinema.xml.gz:NessmaElJadida.tn@SD
Egypt,يو تي في.eg,يو تي في.eg,openepg,egypt1,48,42.1,35.4,مشاعر,في إطار درامي رومانسي، تدور أحداث المسلسل في حلقات منفصلة تحوي قصصا مختلفة عن علاقات حب تحاول كسر الحواجز التي تمنعها من الاستمرار.,,,NATIVE_TITLE_POLICY,ARABIC_SELECTED,0,,,https://www.open-epg.com/files/egypt1.xml,,elcinema.xml.gz:UTV.iq@SD
