country,name,id,provider,source,future_programmes,future_hours,desc_pct,sample_title,sample_desc,title_source,desc_source,title_desc_policy,language_audit,alternatives,alternative_sources,merged_alternatives,url,integration_status
Qatar,2023 Alkass 1.qa,2023 Alkass 1.qa,openepg,qatar3,35,39.1,0.0,Mahrajan Qatar Lel Ebel,,,,NATIVE_TITLE_POLICY,ENGLISH_ACCEPTED_AFTER_4_AUDITS,0,,,https://www.open-epg.com/files/qatar3.xml,VALIDATED_MISSING
Qatar,2023 Alkass 2.qa,2023 Alkass 2.qa,openepg,qatar3,39,39.1,0.0,Longines Show Jumping Studio,,,,NATIVE_TITLE_POLICY,ENGLISH_ACCEPTED_AFTER_4_AUDITS,0,,,https://www.open-epg.com/files/qatar3.xml,VALIDATED_MISSING
,2023 Alkass 3.qa,2023 Alkass 3.qa,openepg,qatar2,20,42.8,0.0,beIN Sports MAX,,,,NATIVE_TITLE_POLICY,ENGLISH_ACCEPTED_AFTER_4_AUDITS,,,openepg:qatar3:2023 Alkass 3.qa,https://www.open-epg.com/files/qatar2.xml,VALIDATED_MISSING
Qatar,2023 Alkass 4.qa,2023 Alkass 4.qa,openepg,qatar3,30,39.1,0.0,Tunis Derby,,,,NATIVE_TITLE_POLICY,ENGLISH_ACCEPTED_AFTER_4_AUDITS,0,,,https://www.open-epg.com/files/qatar3.xml,VALIDATED_MISSING
Qatar,2023 Alkass 5.qa,2023 Alkass 5.qa,openepg,qatar2,38,39.1,0.0,ديربي الكويت,,,,NATIVE_TITLE_POLICY,ARABIC_SELECTED,1,openepg:qatar3:2023 Alkass 5.qa,,https://www.open-epg.com/files/qatar2.xml,VALIDATED_MISSING
Qatar,2023 Alkass 6.qa,2023 Alkass 6.qa,openepg,qatar2,35,39.1,0.0,مهرجان قطر للإبل,,,,NATIVE_TITLE_POLICY,ARABIC_SELECTED,1,openepg:qatar3:2023 Alkass 6.qa,,https://www.open-epg.com/files/qatar2.xml,VALIDATED_MISSING
Qatar,2023 Alkass 7.qa,2023 Alkass 7.qa,openepg,qatar2,39,39.1,0.0,استوديو لونجين للقفز على الحواجز,,,,NATIVE_TITLE_POLICY,ARABIC_SELECTED,1,openepg:qatar3:2023 Alkass 7.qa,,https://www.open-epg.com/files/qatar2.xml,VALIDATED_MISSING
Qatar,2023 Alkass 8.qa,2023 Alkass 8.qa,openepg,qatar2,35,39.1,0.0,سيفنث دوميستك كاميل ريس,,,,NATIVE_TITLE_POLICY,ARABIC_SELECTED,0,,,https://www.open-epg.com/files/qatar2.xml,VALIDATED_MISSING
Qatar/MENA,AlJazeera English,AlJazeera.English.net,epgshare,ALJAZEERA1,98,63.1,100.0,The Listening Post,"A corruption scandal, Bolsonaro’s comeback and Trump’s influence collide as Brazil heads into elections. Plus Spain's neo-Nazis - from online to on the streets?",epgshare:ALJAZEERA1:AlJazeera.English.net,,EN_TITLE_NO_AR_DESC,ENGLISH_ACCEPTED_AFTER_4_AUDITS,0,,,https://epgshare01.online/epgshare01/epg_ripper_ALJAZEERA1.xml.gz,VALIDATED_MISSING
Egypt,AlSharqiya.eg,AlSharqiya.eg,openepg,egypt2,54,46.1,31.5,Sabah Al Sharqiya,"A program that discusses a lot of social, health, and family information, hosts celebrities, and presents many diverse segments covering various topics.",,,NATIVE_TITLE_POLICY,ENGLISH_ACCEPTED_AFTER_4_AUDITS,0,,,https://www.open-epg.com/files/egypt2.xml,VALIDATED_MISSING
,Amman TV.sa,Amman TV.sa,openepg,saudiarabia1,44,43.8,100.0,تلفزيون عمّان,تقدم القناة إعلاماً عصرياً تثقيفياً، يحتوي على مضمون متنوع ما بين الاجتماعي والترفيهي والديني بالإضافة إلى المسلسلات العربية المميزة.,,,NATIVE_TITLE_POLICY,ARABIC_SELECTED,,,openepg:egypt2:Amman.eg,https://www.open-epg.com/files/saudiarabia1.xml,VALIDATED_MISSING
Saudi Arabia,ANC.sa,ANC.sa,openepg,saudiarabia5,28,15.1,100.0,ANO NA BEV,ANO NA BEV,,,NATIVE_TITLE_POLICY,ENGLISH_ACCEPTED_AFTER_4_AUDITS,0,,,https://www.open-epg.com/files/saudiarabia5.xml,VALIDATED_MISSING
Qatar,beJUNIOR.qa,beJUNIOR.qa,openepg,qatar4,56,43.4,0.0,ميستريز أوف ذا ميسنج,,,,NATIVE_TITLE_POLICY,ARABIC_SELECTED,0,,,https://www.open-epg.com/files/qatar4.xml,VALIDATED_MISSING
,Bloomberg-1.qa,Bloomberg-1.qa,openepg,qatar4,53,42.8,0.0,"Where the Wild Men Are with Ben Fogle - Crickhowell, Wales",,openepg:qatar5:Bloomberg-1.qa,,EN_TITLE_NO_AR_DESC,ENGLISH_REJECTED_ARABIC_AVAILABLE,,,openepg:qatar5:Bloomberg-1.qa,https://www.open-epg.com/files/qatar4.xml,VALIDATED_MISSING
,Cartoonito.sa,Cartoonito.sa,openepg,saudiarabia1,228,43.0,100.0,Grizzy and the Lemmings:Sandbox Games,حتى بالنسبة للدب العملاق الذي يبلغ طوله 7 أقدام، ليس من السهل التخلص من القوارض المزعجة من حوله، ولكن رؤيتهم يتعاركون أمر ممتع للغاية في محاولة منهم لغلب بعضهم البعض عن طريق حيل وخطط متنوعة!,openepg:saudiarabia2:Cartoonito.sa,openepg:saudiarabia1:Cartoonito.sa,EN_TITLE_AR_DESC_PAIRED,ARABIC_SELECTED,,,openepg:qatar4:cartoonito.qa,https://www.open-epg.com/files/saudiarabia1.xml,VALIDATED_MISSING
Saudi Arabia,Cinema One Global.sa,Cinema One Global.sa,openepg,saudiarabia5,9,15.1,100.0,Da Possessed,Da Possessed,,,NATIVE_TITLE_POLICY,ENGLISH_ACCEPTED_AFTER_4_AUDITS,0,,,https://www.open-epg.com/files/saudiarabia5.xml,VALIDATED_MISSING
Saudi Arabia,CineMo.sa,CineMo.sa,openepg,saudiarabia5,9,15.1,100.0,Cinesiga,Cinesiga,,,NATIVE_TITLE_POLICY,ENGLISH_ACCEPTED_AFTER_4_AUDITS,0,,,https://www.open-epg.com/files/saudiarabia5.xml,VALIDATED_MISSING
Saudi Arabia,CN English.sa,CN English.sa,openepg,saudiarabia1,54,44.0,100.0,ليغو سكووبي- دوو! نايت تايم تيرور,عندما يُفتح منزل قديم مُريب يعرف باسم قصر (غريمزلي) أمام الجمهور، تبدأ عصابة سكووبي تحقيقاتها لحلّ لغز الفارس الأسود (بلاك نايت) الأسطوري.,,,NATIVE_TITLE_POLICY,ENGLISH_REJECTED_ARABIC_AVAILABLE,1,openepg:saudiarabia2:CN English.sa,openepg:saudiarabia1:CN Arabic.sa,https://www.open-epg.com/files/saudiarabia1.xml,VALIDATED_MISSING
Saudi Arabia,Discovery ID.sa,Discovery ID.sa,openepg,saudiarabia1,45,43.6,100.0,American Monster:Family Snapshot,يمكن للقتلة والمجرمين أن يختبؤوا خلف قناع الابتسامة الجميلة، ويحتمل أن يتواجدوا ضمن أي شارع في الولايات المتحدة الأمريكية. لقطات فيديو تعرض للمرة الأولى تنظر مباشرة في أعين المجرمين الذين يختبؤون في الظلام.,openepg:saudiarabia2:Discovery ID.sa,openepg:saudiarabia1:Discovery ID.sa,EN_TITLE_AR_DESC_PAIRED,ARABIC_SELECTED,1,openepg:saudiarabia2:Discovery ID.sa,,https://www.open-epg.com/files/saudiarabia1.xml,VALIDATED_MISSING
Saudi Arabia,DZMM TeleRadyo.sa,DZMM TeleRadyo.sa,openepg,saudiarabia5,16,15.1,100.0,DZMM TeleRadyo,DZMM TeleRadyo,,,NATIVE_TITLE_POLICY,ENGLISH_ACCEPTED_AFTER_4_AUDITS,0,,,https://www.open-epg.com/files/saudiarabia5.xml,VALIDATED_MISSING
Saudi Arabia,GMA Life TV.sa,GMA Life TV.sa,openepg,saudiarabia5,17,15.1,100.0,Born To Be Wild,Born To Be Wild,,,NATIVE_TITLE_POLICY,ENGLISH_ACCEPTED_AFTER_4_AUDITS,0,,,https://www.open-epg.com/files/saudiarabia5.xml,VALIDATED_MISSING
Saudi Arabia,GMA News TV.sa,GMA News TV.sa,openepg,saudiarabia5,20,15.1,100.0,Brigada,Brigada,,,NATIVE_TITLE_POLICY,ENGLISH_ACCEPTED_AFTER_4_AUDITS,0,,,https://www.open-epg.com/files/saudiarabia5.xml,VALIDATED_MISSING
Saudi Arabia,GMA Pinoy TV.sa,GMA Pinoy TV.sa,openepg,saudiarabia5,22,15.1,100.0,Magpakailanman,Magpakailanman,,,NATIVE_TITLE_POLICY,ENGLISH_ACCEPTED_AFTER_4_AUDITS,0,,,https://www.open-epg.com/files/saudiarabia5.xml,VALIDATED_MISSING
,HGTV.sa,HGTV.sa,openepg,saudiarabia1,84,43.3,100.0,Fixer To Fabulous:Kid-Friendly Lakeside Retreat,ديف وجيني مارس، زوجان يقومان بترميم وبيع المنازل التاريخية، في مسقط رأسيهما في بنتونفيل، أركنساس.,openepg:saudiarabia2:HGTV.sa,openepg:saudiarabia1:HGTV.sa,EN_TITLE_AR_DESC_PAIRED,ARABIC_SELECTED,,,openepg:qatar4:HGTV.qa,https://www.open-epg.com/files/saudiarabia1.xml,VALIDATED_MISSING
Egypt,iFILM TV.eg,iFILM TV.eg,openepg,egypt2,42,46.1,85.7,A Piece of Bread,"In a community in the mountains of Iran, an uneducated lady can, even with her eyes closed, read the Quran and can translate Arabic. An army officer is sent to the village to examine the situation, as many people arrive there with the hope of getting cured.",,,NATIVE_TITLE_POLICY,ENGLISH_ACCEPTED_AFTER_4_AUDITS,0,,,https://www.open-epg.com/files/egypt2.xml,VALIDATED_MISSING
Saudi Arabia,Kapatid TV5 International.sa,Kapatid TV5 International.sa,openepg,saudiarabia5,6,15.1,100.0,Face 2 Face,Face 2 Face,,,NATIVE_TITLE_POLICY,ENGLISH_ACCEPTED_AFTER_4_AUDITS,0,,,https://www.open-epg.com/files/saudiarabia5.xml,VALIDATED_MISSING
,LTV.sa,LTV.sa,openepg,saudiarabia1,44,43.8,100.0,إل تي في,تلفزيون (إل تي في) قناة ترفيهية منوعة، تقدم المسلسلات الكوميدية والدراما الاجتماعية، مع باقة منوعة من برامج المسابقات، تناسب جميع أذواق المشاهدين.,,,NATIVE_TITLE_POLICY,ARABIC_SELECTED,,,openepg:egypt2:LTV.eg,https://www.open-epg.com/files/saudiarabia1.xml,VALIDATED_MISSING
Saudi Arabia,Myx.sa,Myx.sa,openepg,saudiarabia5,21,15.1,100.0,Myx Now,Myx Now,,,NATIVE_TITLE_POLICY,ENGLISH_ACCEPTED_AFTER_4_AUDITS,0,,,https://www.open-epg.com/files/saudiarabia5.xml,VALIDATED_MISSING
Egypt,Nessma.eg,Nessma.eg,openepg,egypt2,56,46.1,32.1,برنامج البازار,,,,NATIVE_TITLE_POLICY,ARABIC_SELECTED,0,,,https://www.open-epg.com/files/egypt2.xml,VALIDATED_MISSING
Saudi Arabia,Oman TV Mubashir.sa,Oman TV Mubashir.sa,openepg,saudiarabia5,32,15.1,100.0,Arts,Arts,,,NATIVE_TITLE_POLICY,ENGLISH_ACCEPTED_AFTER_4_AUDITS,0,,,https://www.open-epg.com/files/saudiarabia5.xml,VALIDATED_MISSING
Saudi Arabia,Ten.sa,Ten.sa,openepg,saudiarabia1,45,44.1,100.0,TeN,قناة TeN عامة مصرية تقدم قوالب برامجية مختلفة ومتنوعة، تجمع بين الحوار والرأي والخبر.,,,NATIVE_TITLE_POLICY,ARABIC_SELECTED,1,openepg:saudiarabia2:Ten.sa,openepg:egypt2:TeN TV.eg,https://www.open-epg.com/files/saudiarabia1.xml,VALIDATED_MISSING
Saudi Arabia,TFC HD.sa,TFC HD.sa,openepg,saudiarabia5,14,15.1,100.0,HOME AWAY FROM HOME S6,HOME AWAY FROM HOME S6,,,NATIVE_TITLE_POLICY,ENGLISH_ACCEPTED_AFTER_4_AUDITS,0,,,https://www.open-epg.com/files/saudiarabia5.xml,VALIDATED_MISSING
Egypt,Thikrayat Tv.eg,Thikrayat Tv.eg,openepg,egypt2,45,35.1,62.2,Maqadir,"After the death of their father, Fayez and Ghazi's mother takes care of them, but due to her old age and inability to work, Fayez drops out of college and travels to the city of Amman to search for work, and by moving from one job to another, he begins his rise to the top, achieving great wealth and a prominent social status.",,,NATIVE_TITLE_POLICY,ENGLISH_ACCEPTED_AFTER_4_AUDITS,0,,,https://www.open-epg.com/files/egypt2.xml,VALIDATED_MISSING
,Utv.eg,Utv.eg,openepg,egypt2,52,45.8,32.7,برنامج هاتريك,,,,NATIVE_TITLE_POLICY,ARABIC_SELECTED,,,,https://www.open-epg.com/files/egypt2.xml,VALIDATED_MISSING
,ميكس وان.eg,ميكس وان.eg,openepg,egypt1,38,41.8,81.6,البحر الأسود,بعد إجبارها على الزواج من فيدات والذي اعتدى عليها وعذبها، تقرر يومًا ما أن تهرب نفس رفقة ابنها في سيارة طاهر، والذي قرر فعل كل شيء لإنقاذها من حياتها التعيسة.,,,NATIVE_TITLE_POLICY,ARABIC_SELECTED,,,openepg:egypt2:Mix ONE.eg,https://www.open-epg.com/files/egypt1.xml,VALIDATED_MISSING
MENA,MBC1,shahid.livechannel.816764,shahid,public-livestream-discovery,0,0,0,,,,,DISCOVERY_ONLY,NOT_VALIDATED_YET,0,,,https://shahid.mbc.net/en/livestream/MBC1/livechannel-816764,COMPARE_ONLY
MENA,Al Arabiya,shahid.livechannel.387286,shahid,public-livestream-discovery,0,0,0,,,,,DISCOVERY_ONLY,NOT_VALIDATED_YET,0,,,https://shahid.mbc.net/en/livestream/al-arabiya/livechannel-387286,COMPARE_ONLY
MENA,Boq’at Daw’ Channel,shahid.livechannel.49924010545146,shahid,public-livestream-discovery,0,0,0,,,,,DISCOVERY_ONLY,NOT_VALIDATED_YET,0,,,https://shahid.mbc.net/en/livestream/boq’at-daw’-channel/livechannel-49924010545146,COMPARE_ONLY
MENA,MBC Drama,shahid.livechannel.816781,shahid,public-livestream-discovery,0,0,0,,,,,DISCOVERY_ONLY,NOT_VALIDATED_YET,0,,,https://shahid.mbc.net/en/livestream/mbc-drama/livechannel-816781,COMPARE_ONLY
MENA,MBC Masr,shahid.livechannel.816776,shahid,public-livestream-discovery,0,0,0,,,,,DISCOVERY_ONLY,NOT_VALIDATED_YET,0,,,https://shahid.mbc.net/en/livestream/mbc-masr/livechannel-816776,COMPARE_ONLY
Egypt,Maspero Channel 1 / القناة الأولى,maspero.egypt.channel1,official,maspero,0,0.0,0.0,,,,,DISCOVERY_ONLY,NOT_VALIDATED_YET,0,,,https://www.maspero.eg/stream/2,COMPARE_ONLY
Egypt,Maspero Channel 2 / القناة الثانية,maspero.egypt.channel2,official,maspero,0,0.0,0.0,,,,,DISCOVERY_ONLY,NOT_VALIDATED_YET,0,,,https://www.maspero.eg/stream/3,COMPARE_ONLY
Yemen,Yemen TV / قناة اليمن,official.yemen.tv,official,yementv,0,0.0,0.0,,,,,DISCOVERY_ONLY,NOT_VALIDATED_YET,0,,,https://yementv.tv/live,COMPARE_ONLY
Palestine,Palestine TV,official.palestine.tv,official,pbc,0,0.0,0.0,,,,,DISCOVERY_ONLY,NOT_VALIDATED_YET,0,,,https://www.pbc.ps/live/,COMPARE_ONLY
Palestine,Palestine Mubasher / فلسطين مباشر,official.palestine.mubasher,official,pbc,0,0.0,0.0,,,,,DISCOVERY_ONLY,NOT_VALIDATED_YET,0,,,https://www.pbc.ps/palestinemubasherchannel/,COMPARE_ONLY
Palestine,Musawa / مساواة,official.palestine.musawa,official,pbc,0,0.0,0.0,,,,,DISCOVERY_ONLY,NOT_VALIDATED_YET,0,,,https://www.pbc.ps/musawa/,COMPARE_ONLY
MENA,Rotana Cinema KSA,official.rotana.cinema.ksa,official,rotana,56,107.8,0.0,التعويذة,,official:rotana:official.rotana.cinema.ksa,,DISCOVERY_PROGRAMME_SAMPLE,PROGRAMME_SAMPLE_FOUND,0,,,https://www.rotana.net/tv/channels,COMPARE_ONLY
MENA,Rotana Cinema Egypt,official.rotana.cinema.egypt,official,rotana,57,108.8,0.0,شنطة حمزة,,official:rotana:official.rotana.cinema.egypt,,DISCOVERY_PROGRAMME_SAMPLE,PROGRAMME_SAMPLE_FOUND,0,,,https://www.rotana.net/tv/channels,COMPARE_ONLY
MENA,Rotana Comedy,official.rotana.comedy,official,rotana,57,133.8,0.0,لوكاندة الفردوس,,official:rotana:official.rotana.comedy,,DISCOVERY_PROGRAMME_SAMPLE,PROGRAMME_SAMPLE_FOUND,0,,,https://www.rotana.net/tv/channels,COMPARE_ONLY
MENA,Rotana Classic,official.rotana.classic,official,rotana,79,112.3,0.0,شاطئ المرح,,official:rotana:official.rotana.classic,,DISCOVERY_PROGRAMME_SAMPLE,PROGRAMME_SAMPLE_FOUND,0,,,https://www.rotana.net/tv/channels,COMPARE_ONLY
MENA,Rotana Drama,official.rotana.drama,official,rotana,110,110.8,0.0,نسمات أيلول,,official:rotana:official.rotana.drama,,DISCOVERY_PROGRAMME_SAMPLE,PROGRAMME_SAMPLE_FOUND,0,,,https://www.rotana.net/tv/channels,COMPARE_ONLY
MENA,Rotana Khalijia,official.rotana.khalijia,official,rotana,113,110.3,0.0,قطع وريد,,official:rotana:official.rotana.khalijia,,DISCOVERY_PROGRAMME_SAMPLE,PROGRAMME_SAMPLE_FOUND,0,,,https://www.rotana.net/tv/channels,COMPARE_ONLY
MENA,LBC,official.rotana.lbc,official,rotana,94,111.8,0.0,قلب أمه,,official:rotana:official.rotana.lbc,,DISCOVERY_PROGRAMME_SAMPLE,PROGRAMME_SAMPLE_FOUND,0,,,https://www.rotana.net/tv/channels,COMPARE_ONLY
MENA,Rotana Clip,official.rotana.clip,official,rotana,0,0.0,0.0,,,,,DISCOVERY_ONLY,NOT_VALIDATED_YET,0,,,https://www.rotana.net/tv/channels,COMPARE_ONLY
MENA,Rotana Music,official.rotana.music,official,rotana,0,0.0,0.0,,,,,DISCOVERY_ONLY,NOT_VALIDATED_YET,0,,,https://www.rotana.net/tv/channels,COMPARE_ONLY
MENA,Al Resalah,official.rotana.resalah,official,rotana,0,0.0,0.0,,,,,DISCOVERY_ONLY,NOT_VALIDATED_YET,0,,,https://www.rotana.net/tv/channels,COMPARE_ONLY
MENA,ART Aflam 1,official.art.aflam1,official,artonline,0,0.0,0.0,,,,,DISCOVERY_ONLY,NOT_VALIDATED_YET,0,,,https://www.artonline.tv/guide,COMPARE_ONLY
MENA,ART Aflam 2,official.art.aflam2,official,artonline,0,0.0,0.0,,,,,DISCOVERY_ONLY,NOT_VALIDATED_YET,0,,,https://www.artonline.tv/guide,COMPARE_ONLY
MENA,ART Hekayat,official.art.hekayat,official,artonline,0,0.0,0.0,,,,,DISCOVERY_ONLY,NOT_VALIDATED_YET,0,,,https://www.artonline.tv/guide,COMPARE_ONLY
MENA,ART Cinema,official.art.cinema,official,artonline,0,0.0,0.0,,,,,DISCOVERY_ONLY,NOT_VALIDATED_YET,0,,,https://www.artonline.tv/guide,COMPARE_ONLY
MENA,ART Hekayat 2,official.art.hekayat2,official,artonline,0,0.0,0.0,,,,,DISCOVERY_ONLY,NOT_VALIDATED_YET,0,,,https://www.artonline.tv/guide,COMPARE_ONLY
