type,canonical,similarity,source,origin,id,name,programme,description,title_lang,desc_lang,programme_start,programme_stop,future_programmes,future_hours,other_source,other_origin,other_id,other_name,other_programme,other_description,other_title_lang,other_desc_lang,other_programme_start,other_programme_stop,other_future_programmes,other_future_hours
CERTAIN,alaoula,1.00,morocco,morocco,AlAoula,Al Aoula,أنا و كانتي,برنامج «أنا و كانتي» يُعرض على قناة الأولى.,ar,ar,2026-09-27T12:40:00+00:00,2026-09-27T13:00:00+00:00,80,48.0,elcinema,elcinema,AlAoula.ma@MiddleEast,الأولى المغربية,برنامج بين البارح و اليوم,,ar,,2026-09-27T12:45:00+00:00,2026-09-27T13:10:00+00:00,52,38.0
CERTAIN,alaoula,1.00,elcinema,elcinema,AlAoula.ma@MiddleEast,الأولى المغربية,برنامج بين البارح و اليوم,,ar,,2026-09-27T12:45:00+00:00,2026-09-27T13:10:00+00:00,52,38.0,morocco,morocco,AlAoula,Al Aoula,أنا و كانتي,برنامج «أنا و كانتي» يُعرض على قناة الأولى.,ar,ar,2026-09-27T12:40:00+00:00,2026-09-27T13:00:00+00:00,80,48.0
CERTAIN,alfaalsafwa,1.00,osn,osn,AlSafwa.ae@SD,Alfa Al Safwa,,,,,,,0,0.0,others,openepg,Alfa Al Safwa.sa,Alfa Al Safwa.sa,,,,,,,0,0.0
CERTAIN,alfaalsafwa,1.00,others,openepg,Alfa Al Safwa.sa,Alfa Al Safwa.sa,,,,,,,0,0.0,osn,osn,AlSafwa.ae@SD,Alfa Al Safwa,,,,,,,0,0.0
CERTAIN,alfaalyawm,1.00,osn,osn,AlYawm.ae@SD,Alfa Al Yawm HD,,,,,,,0,0.0,others,openepg,Alfa Al Yawm HD.sa,Alfa Al Yawm HD.sa,,,,,,,0,0.0
CERTAIN,alfaalyawm,1.00,others,openepg,Alfa Al Yawm HD.sa,Alfa Al Yawm HD.sa,,,,,,,0,0.0,osn,osn,AlYawm.ae@SD,Alfa Al Yawm HD,,,,,,,0,0.0
CERTAIN,alfacinema1,1.00,osn,osn,Cinema1.ae@SD,Alfa Cinema 1,,,,,,,0,0.0,others,openepg,Alfa Cinema 1.sa,Alfa Cinema 1.sa,,,,,,,0,0.0
CERTAIN,alfacinema1,1.00,others,openepg,Alfa Cinema 1.sa,Alfa Cinema 1.sa,,,,,,,0,0.0,osn,osn,Cinema1.ae@SD,Alfa Cinema 1,,,,,,,0,0.0
CERTAIN,alfacinema2,1.00,osn,osn,Cinema2.ae@SD,Alfa Cinema 2,,,,,,,0,0.0,others,openepg,Alfa Cinema 2.sa,Alfa Cinema 2.sa,,,,,,,0,0.0
CERTAIN,alfacinema2,1.00,others,openepg,Alfa Cinema 2.sa,Alfa Cinema 2.sa,,,,,,,0,0.0,osn,osn,Cinema2.ae@SD,Alfa Cinema 2,,,,,,,0,0.0
CERTAIN,alfafann,1.00,osn,osn,Fann.ae@SD,Alfa Fann,,,,,,,0,0.0,others,openepg,Alfa Fann.sa,Alfa Fann.sa,,,,,,,0,0.0
CERTAIN,alfafann,1.00,others,openepg,Alfa Fann.sa,Alfa Fann.sa,,,,,,,0,0.0,osn,osn,Fann.ae@SD,Alfa Fann,,,,,,,0,0.0
CERTAIN,alfamusic,1.00,osn,osn,MusicNow.ae@SD,Alfa Music HD,,,,,,,0,0.0,others,openepg,Alfa Music HD.sa,Alfa Music HD.sa,,,,,,,0,0.0
CERTAIN,alfamusic,1.00,others,openepg,Alfa Music HD.sa,Alfa Music HD.sa,,,,,,,0,0.0,osn,osn,MusicNow.ae@SD,Alfa Music HD,,,,,,,0,0.0
CERTAIN,alfaseries,1.00,osn,osn,AlfaSeries.ae@SD,Alfa Series HD,,,,,,,0,0.0,others,openepg,Alfa Series HD.sa,Alfa Series HD.sa,,,,,,,0,0.0
CERTAIN,alfaseries,1.00,others,openepg,Alfa Series HD.sa,Alfa Series HD.sa,,,,,,,0,0.0,osn,osn,AlfaSeries.ae@SD,Alfa Series HD,,,,,,,0,0.0
CERTAIN,alfaseriesplus2,1.00,osn,osn,AlfaSeriesPlus2.ae@SD,Alfa Series +2 HD,,,,,,,0,0.0,others,openepg,Alfa Series +2 HD.sa,Alfa Series +2 HD.sa,,,,,,,0,0.0
CERTAIN,alfaseriesplus2,1.00,others,openepg,Alfa Series +2 HD.sa,Alfa Series +2 HD.sa,,,,,,,0,0.0,osn,osn,AlfaSeriesPlus2.ae@SD,Alfa Series +2 HD,,,,,,,0,0.0
CERTAIN,alkassone,1.00,bein,bein,AlkassOne.qa@SD,Alkass One,المجلس,برنامج يُعرض ضمن باقة beIN باللغة العربية.,ar,ar,2026-09-26T20:00:00+00:00,2026-09-27T20:00:00+00:00,22,31.0,others,openepg,Al Kass One.sa,Al Kass One.sa,,,,,,,0,0.0
CERTAIN,alkassone,1.00,others,openepg,Al Kass One.sa,Al Kass One.sa,,,,,,,0,0.0,bein,bein,AlkassOne.qa@SD,Alkass One,المجلس,برنامج يُعرض ضمن باقة beIN باللغة العربية.,ar,ar,2026-09-26T20:00:00+00:00,2026-09-27T20:00:00+00:00,22,31.0
CERTAIN,blippiandfriends,1.00,osn,osn,OSNBlippiAndFriends,Blippi and Friends,T-Rex Ranch,إنها مغامرة بحث وإنقاذ! يجب على حراس الغابات إنقاذ حارس غابات تعرض لصعقة كهربائية والعثور على صغير براكيوصور مفقود!,en,ar,2026-09-27T12:41:00+00:00,2026-09-27T13:07:00+00:00,108,47.6,others,openepg,Blippi And Friends.sa,Blippi And Friends.sa,,,,,,,0,0.0
CERTAIN,blippiandfriends,1.00,others,openepg,Blippi And Friends.sa,Blippi And Friends.sa,,,,,,,0,0.0,osn,osn,OSNBlippiAndFriends,Blippi and Friends,T-Rex Ranch,إنها مغامرة بحث وإنقاذ! يجب على حراس الغابات إنقاذ حارس غابات تعرض لصعقة كهربائية والعثور على صغير براكيوصور مفقود!,en,ar,2026-09-27T12:41:00+00:00,2026-09-27T13:07:00+00:00,108,47.6
CERTAIN,bloomberg,1.00,bein,bein,BloombergTV.us@MiddleEast,Bloomberg,,,,,,,0,0.0,osn,osn,BloombergTV.us@MiddleEast,Bloomberg,Bloomberg This Weekend,الأخبار لا تتوقف عند إغلاق الأسواق، لذا يقدّم لكم المضيفون ديفيد جورا، وكريستينا روفيتي، وليزا ماتيو، أبرز عناوين نهاية الأسبوع، مباشرةً من نيويورك بشكل واضح وفي السياق المناسب وبحس فكاهي.,en,ar,2026-09-27T11:00:00+00:00,2026-09-27T14:00:00+00:00,43,48.0
CERTAIN,bloomberg,1.00,osn,osn,BloombergTV.us@MiddleEast,Bloomberg,Bloomberg This Weekend,الأخبار لا تتوقف عند إغلاق الأسواق، لذا يقدّم لكم المضيفون ديفيد جورا، وكريستينا روفيتي، وليزا ماتيو، أبرز عناوين نهاية الأسبوع، مباشرةً من نيويورك بشكل واضح وفي السياق المناسب وبحس فكاهي.,en,ar,2026-09-27T11:00:00+00:00,2026-09-27T14:00:00+00:00,43,48.0,bein,bein,BloombergTV.us@MiddleEast,Bloomberg,,,,,,,0,0.0
CERTAIN,cartoonnetworkarabic,1.00,osn,osn,CartoonNetworkArabic.ae@SD,CN Arabia,Jellystone!,يخوض سكان جيليستون المحبوبون جميع أنواع المغامرات الغريبة والمضحكة.,en,ar,2026-09-27T12:15:00+00:00,2026-09-27T13:00:00+00:00,86,48.0,elcinema,elcinema,CartoonNetworkArabic.ae@SD,نتورك بالعربية,Roll No. 21,يعود ملك ماثورا الشرير كانسا، إلى الأرض بشخصية كانيشك لغزو الأرض والسيطرة عليها في النهاية، ويخفي نواياه القاسية تحت ستار إنساني عظيم، يجب على الآلهة أن تتصرف بسرعة قبل أن يجمع جيش الزومبي لاستخدامه في مخططه.,en,ar,2026-09-27T12:00:00+00:00,2026-09-27T13:00:00+00:00,41,46.0
CERTAIN,cartoonnetworkarabic,1.00,elcinema,elcinema,CartoonNetworkArabic.ae@SD,نتورك بالعربية,Roll No. 21,يعود ملك ماثورا الشرير كانسا، إلى الأرض بشخصية كانيشك لغزو الأرض والسيطرة عليها في النهاية، ويخفي نواياه القاسية تحت ستار إنساني عظيم، يجب على الآلهة أن تتصرف بسرعة قبل أن يجمع جيش الزومبي لاستخدامه في مخططه.,en,ar,2026-09-27T12:00:00+00:00,2026-09-27T13:00:00+00:00,41,46.0,osn,osn,CartoonNetworkArabic.ae@SD,CN Arabia,Jellystone!,يخوض سكان جيليستون المحبوبون جميع أنواع المغامرات الغريبة والمضحكة.,en,ar,2026-09-27T12:15:00+00:00,2026-09-27T13:00:00+00:00,86,48.0
CERTAIN,cnn,1.00,bein,bein,CNNArabic.ae@SD,CNN Arabic,,,,,,,0,0.0,osn,osn,CNNInternational.us@MENA,CNN HD,Inside Politics With Manu Raju,يتحدث المذيع مانو راجو مع الخبراء والمحللين لمناقشة أهم الأخبار السياسية.,en,ar,2026-09-27T12:00:00+00:00,2026-09-27T13:00:00+00:00,62,47.5
CERTAIN,cnn,1.00,osn,osn,CNNInternational.us@MENA,CNN HD,Inside Politics With Manu Raju,يتحدث المذيع مانو راجو مع الخبراء والمحللين لمناقشة أهم الأخبار السياسية.,en,ar,2026-09-27T12:00:00+00:00,2026-09-27T13:00:00+00:00,62,47.5,bein,bein,CNNArabic.ae@SD,CNN Arabic,,,,,,,0,0.0
CERTAIN,eclutch,1.00,osn,osn,OSNeClutchArabic,eClutch Arabic,EClutch Live Arabic,تقدم محتوى ألعاب متميزًا للمشاهدين في منطقة الشرق الأوسط وشمال أفريقيا. ويركز محتواها على توفير تجربة مشاهدة ممتعة وعالية الجودة لكل من اللاعبين المحترفين والهواة، مما يسد الفجوة بين التلفزيون التقليدي والترفيه الرقمي الديناميكي.,en,ar,2026-09-27T12:00:00+00:00,2026-09-27T13:00:00+00:00,49,48.0,others,openepg,eClutch Arabic.sa,eClutch Arabic.sa,,,,,,,0,0.0
CERTAIN,eclutch,1.00,others,openepg,eClutch Arabic.sa,eClutch Arabic.sa,,,,,,,0,0.0,osn,osn,OSNeClutchArabic,eClutch Arabic,EClutch Live Arabic,تقدم محتوى ألعاب متميزًا للمشاهدين في منطقة الشرق الأوسط وشمال أفريقيا. ويركز محتواها على توفير تجربة مشاهدة ممتعة وعالية الجودة لكل من اللاعبين المحترفين والهواة، مما يسد الفجوة بين التلفزيون التقليدي والترفيه الرقمي الديناميكي.,en,ar,2026-09-27T12:00:00+00:00,2026-09-27T13:00:00+00:00,49,48.0
CERTAIN,eclutchaccess,1.00,osn,osn,OSNeClutchAccess,eClutch Access,EClutch Access,اي كلاتش اكسيس قناة رياضية إلكترونية سريعة، مصممة لتعزيز تفاعل الجماهير بأكثر من 1300 ساعة من المحتوى المُختار بعناية. تبث القناة أحداثًا مباشرة، وإعادة بث في اليوم التالي، وأعمالًا أصلية حصرية لألعاب من الطراز الأول مثل رانبو سيكس: سييج وستريت فايتر وروكت لييغ.,en,ar,2026-09-27T12:00:00+00:00,2026-09-27T13:00:00+00:00,49,48.0,others,openepg,eClutch Access.sa,eClutch Access.sa,,,,,,,0,0.0
CERTAIN,eclutchaccess,1.00,others,openepg,eClutch Access.sa,eClutch Access.sa,,,,,,,0,0.0,osn,osn,OSNeClutchAccess,eClutch Access,EClutch Access,اي كلاتش اكسيس قناة رياضية إلكترونية سريعة، مصممة لتعزيز تفاعل الجماهير بأكثر من 1300 ساعة من المحتوى المُختار بعناية. تبث القناة أحداثًا مباشرة، وإعادة بث في اليوم التالي، وأعمالًا أصلية حصرية لألعاب من الطراز الأول مثل رانبو سيكس: سييج وستريت فايتر وروكت لييغ.,en,ar,2026-09-27T12:00:00+00:00,2026-09-27T13:00:00+00:00,49,48.0
CERTAIN,eclutchlive,1.00,osn,osn,OSNeClutchLIVE,eClutch LIVE,EClutch Live 1,اي كلاتش لايف 1 هي وجهةٌ مثاليةٌ لعشاق الرياضات الإلكترونية التنافسية. وبصفتها القناة الرئيسية للبطولات المباشرة على منصة اي كلاتش تبثّ القناة فعالياتٍ رياضيةً إلكترونيةً رائدةً سنويًا، مثل جولة ستريت فايتر برو تور ومنافسات بلاست رانبو وسيكس سييج.,en,ar,2026-09-27T12:00:00+00:00,2026-09-27T13:00:00+00:00,49,48.0,others,openepg,eClutch LIVE.sa,eClutch LIVE.sa,,,,,,,0,0.0
CERTAIN,eclutchlive,1.00,others,openepg,eClutch LIVE.sa,eClutch LIVE.sa,,,,,,,0,0.0,osn,osn,OSNeClutchLIVE,eClutch LIVE,EClutch Live 1,اي كلاتش لايف 1 هي وجهةٌ مثاليةٌ لعشاق الرياضات الإلكترونية التنافسية. وبصفتها القناة الرئيسية للبطولات المباشرة على منصة اي كلاتش تبثّ القناة فعالياتٍ رياضيةً إلكترونيةً رائدةً سنويًا، مثل جولة ستريت فايتر برو تور ومنافسات بلاست رانبو وسيكس سييج.,en,ar,2026-09-27T12:00:00+00:00,2026-09-27T13:00:00+00:00,49,48.0
CERTAIN,eclutchlive2,1.00,osn,osn,OSNeClutchLIVE2,eClutch LIVE 2,EClutch Live 2,إي كلاتش لايف 2 هي ثاني أكبر قناة رياضية إلكترونية تعمل على مدار الساعة طوال أيام الأسبوع في مجموعة إي كلاتش، وتقدم أكثر من 600 ساعة من الحركة الحية التي تركز على العاب محبوبة عالميًا مثل فورتنايت وروكيت لييغ,en,ar,2026-09-27T12:00:00+00:00,2026-09-27T13:00:00+00:00,49,48.0,others,openepg,eClutch LIVE 2.sa,eClutch LIVE 2.sa,,,,,,,0,0.0
CERTAIN,eclutchlive2,1.00,others,openepg,eClutch LIVE 2.sa,eClutch LIVE 2.sa,,,,,,,0,0.0,osn,osn,OSNeClutchLIVE2,eClutch LIVE 2,EClutch Live 2,إي كلاتش لايف 2 هي ثاني أكبر قناة رياضية إلكترونية تعمل على مدار الساعة طوال أيام الأسبوع في مجموعة إي كلاتش، وتقدم أكثر من 600 ساعة من الحركة الحية التي تركز على العاب محبوبة عالميًا مثل فورتنايت وروكيت لييغ,en,ar,2026-09-27T12:00:00+00:00,2026-09-27T13:00:00+00:00,49,48.0
CERTAIN,fatafeat,1.00,bein,bein,Fatafeat.ae@SD,Fatafeat,بلومبرج سيرفيلانس,برنامج يُعرض ضمن باقة beIN باللغة العربية.,ar,ar,2026-09-27T11:00:00+00:00,2026-09-27T14:00:00+00:00,6,7.0,osn,osn,Fatafeat.ae@SD,Fatafeat,مع سو أطيب,برنامج تقدمه سو، يشجع على الحرية في المطبخ، الثقة بالنفس، والجرأة. يستهدف جميع الأجيال والأشخاص المحبين للمرح، ولا يسلط الضوء على الطعام فحسب، بل على القصص المسلية المتعلقة به أيضًا.,ar,ar,2026-09-27T12:20:00+00:00,2026-09-27T13:15:00+00:00,59,47.9
CERTAIN,fatafeat,1.00,osn,osn,Fatafeat.ae@SD,Fatafeat,مع سو أطيب,برنامج تقدمه سو، يشجع على الحرية في المطبخ، الثقة بالنفس، والجرأة. يستهدف جميع الأجيال والأشخاص المحبين للمرح، ولا يسلط الضوء على الطعام فحسب، بل على القصص المسلية المتعلقة به أيضًا.,ar,ar,2026-09-27T12:20:00+00:00,2026-09-27T13:15:00+00:00,59,47.9,bein,bein,Fatafeat.ae@SD,Fatafeat,بلومبرج سيرفيلانس,برنامج يُعرض ضمن باقة beIN باللغة العربية.,ar,ar,2026-09-27T11:00:00+00:00,2026-09-27T14:00:00+00:00,6,7.0
CERTAIN,foodnetwork,1.00,bein,bein,FoodNetworkEMEA.us@SD,Food Network,بارجن بلوك (موسم 3، حلقة8),برنامج يُعرض ضمن باقة beIN.,ar,ar,2026-09-27T12:22:00+00:00,2026-09-27T13:09:00+00:00,14,7.9,others,openepg,Food Network.sa,Food Network.sa,,,,,,,0,0.0
CERTAIN,foodnetwork,1.00,others,openepg,Food Network.sa,Food Network.sa,,,,,,,0,0.0,bein,bein,FoodNetworkEMEA.us@SD,Food Network,بارجن بلوك (موسم 3، حلقة8),برنامج يُعرض ضمن باقة beIN.,ar,ar,2026-09-27T12:22:00+00:00,2026-09-27T13:09:00+00:00,14,7.9
CERTAIN,hgtv,1.00,bein,bein,HGTVArabia.us@SD,HGTV Arabia,ماستر شيف أستراليا (موسم 17، حلقة30),برنامج يُعرض ضمن باقة beIN.,ar,ar,2026-09-27T12:20:00+00:00,2026-09-27T13:15:00+00:00,36,31.3,others,openepg,HGTV.sa,HGTV.sa,,,,,,,0,0.0
CERTAIN,hgtv,1.00,others,openepg,HGTV.sa,HGTV.sa,,,,,,,0,0.0,bein,bein,HGTVArabia.us@SD,HGTV Arabia,ماستر شيف أستراليا (موسم 17، حلقة30),برنامج يُعرض ضمن باقة beIN.,ar,ar,2026-09-27T12:20:00+00:00,2026-09-27T13:15:00+00:00,36,31.3
CERTAIN,ktv1,1.00,osn,osn,OSNKTVChannel1HD,KTV Channel 1 HD,تساؤلات,نقدم لكم أفضل ما في عالم التلفزيون.,ar,ar,2026-09-27T12:45:00+00:00,2026-09-27T13:00:00+00:00,113,47.5,others,openepg,KTV Channel 1 HD.sa,KTV Channel 1 HD.sa,,,,,,,0,0.0
CERTAIN,ktv1,1.00,others,openepg,KTV Channel 1 HD.sa,KTV Channel 1 HD.sa,,,,,,,0,0.0,osn,osn,OSNKTVChannel1HD,KTV Channel 1 HD,تساؤلات,نقدم لكم أفضل ما في عالم التلفزيون.,ar,ar,2026-09-27T12:45:00+00:00,2026-09-27T13:00:00+00:00,113,47.5
CERTAIN,omantv,1.00,osn,osn,OmanTV.om@SD,Oman TV,فريق الخراف الأقوياء,يقود ويسلي فريقاً من خمسة خراف في مغامرات شيقة لمساعدة الحشرات المحتاجة، ويكتشف الفريق خلال كل مهمة معلومات جديدة وممتعة عن عالم الحشرات.,ar,ar,2026-09-27T12:45:00+00:00,2026-09-27T13:00:00+00:00,89,47.4,elcinema,elcinema,AmmanTV.jo@SD,عَمان,بربروس: سيف البحر الأبيض المتوسط,يحكي المسلسل قصة حياة البحار خير الدين بربروس، الذي صنع بطولات لا تنسى للإمبراطورية العثمانية في عهد السلطان سليم الأول، والذي ضمن السيادة العثمانية في البحر الأبيض المتوسط، وكان من أكبر مؤيدي خير الدين بربروس شقيقه عروج بربروس الذي تمكن من السيطرة على جميع السواحل.,ar,ar,2026-09-27T12:00:00+00:00,2026-09-27T13:00:00+00:00,40,47.0
CERTAIN,omantv,1.00,elcinema,elcinema,AmmanTV.jo@SD,عَمان,بربروس: سيف البحر الأبيض المتوسط,يحكي المسلسل قصة حياة البحار خير الدين بربروس، الذي صنع بطولات لا تنسى للإمبراطورية العثمانية في عهد السلطان سليم الأول، والذي ضمن السيادة العثمانية في البحر الأبيض المتوسط، وكان من أكبر مؤيدي خير الدين بربروس شقيقه عروج بربروس الذي تمكن من السيطرة على جميع السواحل.,ar,ar,2026-09-27T12:00:00+00:00,2026-09-27T13:00:00+00:00,40,47.0,osn,osn,OmanTV.om@SD,Oman TV,فريق الخراف الأقوياء,يقود ويسلي فريقاً من خمسة خراف في مغامرات شيقة لمساعدة الحشرات المحتاجة، ويكتشف الفريق خلال كل مهمة معلومات جديدة وممتعة عن عالم الحشرات.,ar,ar,2026-09-27T12:45:00+00:00,2026-09-27T13:00:00+00:00,89,47.4
CERTAIN,omantv,1.00,elcinema,elcinema,OmanTV.om@SD,عمان,على قد الحب,تجد سيدة الأعمال الناجحة مريم نفسها في مواجهة مع ماضٍ يأبى النسيان؛ حيث يطفو حدثٌ قديم على السطح ليزلزل استقرارها ويقذف بها في دوامة من التشتت، واضعةً نجاحها ومستقبلها أمام خيارين: التجاوز أو الانهيار.,ar,ar,2026-09-27T12:20:00+00:00,2026-09-27T13:05:00+00:00,76,45.8,osn,osn,OmanTV.om@SD,Oman TV,فريق الخراف الأقوياء,يقود ويسلي فريقاً من خمسة خراف في مغامرات شيقة لمساعدة الحشرات المحتاجة، ويكتشف الفريق خلال كل مهمة معلومات جديدة وممتعة عن عالم الحشرات.,ar,ar,2026-09-27T12:45:00+00:00,2026-09-27T13:00:00+00:00,89,47.4
CERTAIN,osntvcrime,1.00,osn,osn,OSNCrime.ae@SD,OSNtv Crime,C.B. Strike: The Ink Black Heart,بينما يقترب سترايك وروبن من كشف هوية أنومي، تتعرض الوكالة لهجوم مدمر. ثم تعرض روبن نفسها للخطر لمنع أنومي من حصد المزيد من الأرواح.,en,ar,2026-09-27T12:10:00+00:00,2026-09-27T13:10:00+00:00,57,48.1,others,openepg,OSNtv Crime.sa,OSNtv Crime.sa,,,,,,,0,0.0
CERTAIN,osntvcrime,1.00,others,openepg,OSNtv Crime.sa,OSNtv Crime.sa,,,,,,,0,0.0,osn,osn,OSNCrime.ae@SD,OSNtv Crime,C.B. Strike: The Ink Black Heart,بينما يقترب سترايك وروبن من كشف هوية أنومي، تتعرض الوكالة لهجوم مدمر. ثم تعرض روبن نفسها للخطر لمنع أنومي من حصد المزيد من الأرواح.,en,ar,2026-09-27T12:10:00+00:00,2026-09-27T13:10:00+00:00,57,48.1
CERTAIN,osntvdocumentary,1.00,osn,osn,OSNDocumentary.ae@SD,OSNtv Documentary,Obama: In Pursuit Of A More Perfect Union,يواجه أوباما بعد توليه الرئاسة عقبات هائلة في ظل الكونغرس المنقسم ويواجه انتقادات بينما تتصارع الأمة مع وحشية الشرطة.,en,ar,2026-09-27T11:50:00+00:00,2026-09-27T13:40:00+00:00,52,47.9,others,openepg,OSNtv Documentary.sa,OSNtv Documentary.sa,,,,,,,0,0.0
CERTAIN,osntvdocumentary,1.00,others,openepg,OSNtv Documentary.sa,OSNtv Documentary.sa,,,,,,,0,0.0,osn,osn,OSNDocumentary.ae@SD,OSNtv Documentary,Obama: In Pursuit Of A More Perfect Union,يواجه أوباما بعد توليه الرئاسة عقبات هائلة في ظل الكونغرس المنقسم ويواجه انتقادات بينما تتصارع الأمة مع وحشية الشرطة.,en,ar,2026-09-27T11:50:00+00:00,2026-09-27T13:40:00+00:00,52,47.9
CERTAIN,osntviqiyi,1.00,osn,osn,OSNIQIYI.ae@SD,OSNtv iQIYI,The Day Of Becoming You,لدى جيانغ يي مشهد حميمي في النص. ويمازحه جيانغ داشوان قائلاً بإنه سيطلب الإذن من صديقته. وترد يو شينغشينغ بأنها لا تمانع، مما يدفع جيانغ يي إلى اقتراح الذهاب في موعد إلى الجبل في المرة القادمة.,en,ar,2026-09-27T12:20:00+00:00,2026-09-27T13:05:00+00:00,70,47.5,others,openepg,OSNtv iQIYI.sa,OSNtv iQIYI.sa,,,,,,,0,0.0
CERTAIN,osntviqiyi,1.00,others,openepg,OSNtv iQIYI.sa,OSNtv iQIYI.sa,,,,,,,0,0.0,osn,osn,OSNIQIYI.ae@SD,OSNtv iQIYI,The Day Of Becoming You,لدى جيانغ يي مشهد حميمي في النص. ويمازحه جيانغ داشوان قائلاً بإنه سيطلب الإذن من صديقته. وترد يو شينغشينغ بأنها لا تمانع، مما يدفع جيانغ يي إلى اقتراح الذهاب في موعد إلى الجبل في المرة القادمة.,en,ar,2026-09-27T12:20:00+00:00,2026-09-27T13:05:00+00:00,70,47.5
CERTAIN,osntvmoviescomedy,1.00,osn,osn,OSNMoviesComedy.ae@SD,OSNtv Movies Comedy,As You Like It,تدور أحداثها خلال القرن التاسع عشر في اليابان، وتعرض المغازلة الشهيرة بين روزالند وأورلاندو على خلفية التنافس السياسي، النفي والمنفى في غابة آردن.,en,ar,2026-09-27T11:30:00+00:00,2026-09-27T13:35:00+00:00,30,48.7,others,openepg,OSNtv Movies Comedy.sa,OSNtv Movies Comedy.sa,,,,,,,0,0.0
CERTAIN,osntvmoviescomedy,1.00,others,openepg,OSNtv Movies Comedy.sa,OSNtv Movies Comedy.sa,,,,,,,0,0.0,osn,osn,OSNMoviesComedy.ae@SD,OSNtv Movies Comedy,As You Like It,تدور أحداثها خلال القرن التاسع عشر في اليابان، وتعرض المغازلة الشهيرة بين روزالند وأورلاندو على خلفية التنافس السياسي، النفي والمنفى في غابة آردن.,en,ar,2026-09-27T11:30:00+00:00,2026-09-27T13:35:00+00:00,30,48.7
CERTAIN,osntvmoviesfamily,1.00,osn,osn,OSNMoviesFamily.ae@SD,OSNtv Movies Family,Harry Potter And The Prisoner Of Azkaban,يعود هاري ورون وهيرمايوني للفصل الدراسي الثالث في هوغوورتس، لكن يبدو مصير هاري ومجتمع السحرة، قاتماً عندما يهرب السجين الشهير سيريوس بلاك من السجن..,en,ar,2026-09-27T12:40:00+00:00,2026-09-27T15:00:00+00:00,23,48.4,others,openepg,OSNtv Movies Family.sa,OSNtv Movies Family.sa,,,,,,,0,0.0
CERTAIN,osntvmoviesfamily,1.00,others,openepg,OSNtv Movies Family.sa,OSNtv Movies Family.sa,,,,,,,0,0.0,osn,osn,OSNMoviesFamily.ae@SD,OSNtv Movies Family,Harry Potter And The Prisoner Of Azkaban,يعود هاري ورون وهيرمايوني للفصل الدراسي الثالث في هوغوورتس، لكن يبدو مصير هاري ومجتمع السحرة، قاتماً عندما يهرب السجين الشهير سيريوس بلاك من السجن..,en,ar,2026-09-27T12:40:00+00:00,2026-09-27T15:00:00+00:00,23,48.4
CERTAIN,osntvmovieshorror,1.00,osn,osn,OSNMoviesHorror.ae@SD,OSNtv Movies Horror,Totem,يجب على مراهقة اللجوء إلى تدابير متطرفة لحماية عائلتها من كيان خارق للطبيعة.,en,ar,2026-09-27T12:35:00+00:00,2026-09-27T14:05:00+00:00,26,48.3,others,openepg,OSNtv Movies Horror.sa,OSNtv Movies Horror.sa,,,,,,,0,0.0
CERTAIN,osntvmovieshorror,1.00,others,openepg,OSNtv Movies Horror.sa,OSNtv Movies Horror.sa,,,,,,,0,0.0,osn,osn,OSNMoviesHorror.ae@SD,OSNtv Movies Horror,Totem,يجب على مراهقة اللجوء إلى تدابير متطرفة لحماية عائلتها من كيان خارق للطبيعة.,en,ar,2026-09-27T12:35:00+00:00,2026-09-27T14:05:00+00:00,26,48.3
CERTAIN,osntvnow,1.00,osn,osn,OSNNow.ae@SD,OSNtv Now,John From Cincinnati,في محاولة لاستجماع بعض الشجاعة، يبحث ميتش عن بعض المساعدة في جنوب الحدود، تترأس سيسي بحثاً واسع النطاق للعثور على شون، بينما يخسر بيل مصدراً موثوقاً للمعلومات، وينتهي الأمر بهدية بالاك التي أرسلها لفريدي لجلب الحظ الجيد بيد مستلم غير معني بالأمر.,en,ar,2026-09-27T12:50:00+00:00,2026-09-27T13:40:00+00:00,70,47.9,others,openepg,OSNtv Now.sa,OSNtv Now.sa,,,,,,,0,0.0
CERTAIN,osntvnow,1.00,others,openepg,OSNtv Now.sa,OSNtv Now.sa,,,,,,,0,0.0,osn,osn,OSNNow.ae@SD,OSNtv Now,John From Cincinnati,في محاولة لاستجماع بعض الشجاعة، يبحث ميتش عن بعض المساعدة في جنوب الحدود، تترأس سيسي بحثاً واسع النطاق للعثور على شون، بينما يخسر بيل مصدراً موثوقاً للمعلومات، وينتهي الأمر بهدية بالاك التي أرسلها لفريدي لجلب الحظ الجيد بيد مستلم غير معني بالأمر.,en,ar,2026-09-27T12:50:00+00:00,2026-09-27T13:40:00+00:00,70,47.9
CERTAIN,osntvone,1.00,osn,osn,OSNOne.ae@SD,OSNtv One,The Final Pitch: Dubai,بعد أن صُقِلَت أفكارهم واختُبِرَت أعصابهم، يضع المؤسسون الأربعة الأخيرون كل شيء على المحك أثناء تقديم العرض النهائي. من سيحصل على الصفقة ومن سيغادر خالي الوفاض؟,en,ar,2026-09-27T12:55:00+00:00,2026-09-27T13:50:00+00:00,56,47.9,others,openepg,OSNtv One.sa,OSNtv One.sa,,,,,,,0,0.0
CERTAIN,osntvone,1.00,others,openepg,OSNtv One.sa,OSNtv One.sa,,,,,,,0,0.0,osn,osn,OSNOne.ae@SD,OSNtv One,The Final Pitch: Dubai,بعد أن صُقِلَت أفكارهم واختُبِرَت أعصابهم، يضع المؤسسون الأربعة الأخيرون كل شيء على المحك أثناء تقديم العرض النهائي. من سيحصل على الصفقة ومن سيغادر خالي الوفاض؟,en,ar,2026-09-27T12:55:00+00:00,2026-09-27T13:50:00+00:00,56,47.9
CERTAIN,osntvpopup,1.00,osn,osn,OSNPopUp.ae@SD,OSNtv Pop Up,OSNtv POP UP,ترقبوا المزيد من قنوات pop-up الرائعة قريبا!,en,ar,2026-09-27T12:00:00+00:00,2026-09-27T13:00:00+00:00,49,48.0,others,openepg,OSNtv Pop Up.sa,OSNtv Pop Up.sa,,,,,,,0,0.0
CERTAIN,osntvpopup,1.00,others,openepg,OSNtv Pop Up.sa,OSNtv Pop Up.sa,,,,,,,0,0.0,osn,osn,OSNPopUp.ae@SD,OSNtv Pop Up,OSNtv POP UP,ترقبوا المزيد من قنوات pop-up الرائعة قريبا!,en,ar,2026-09-27T12:00:00+00:00,2026-09-27T13:00:00+00:00,49,48.0
CERTAIN,osntvshowcaseclassics,1.00,osn,osn,OSNShowcaseClassics.ae@SD,OSNtv Showcase Classics,Girls,تقوم هانا بتجهيز حفلة عشاء للناضجين ولكن تصرفات أصدقائها الصبيانية تخيب آمالها. مواجهة بين مارني وأودري، بينما تدرك شوشانا أنها إنتقلت إلى مرحلة جديدة في علاقتها مع راي. وأيضاً، تقابل جيسا والدا توماس-جون.,en,ar,2026-09-27T12:55:00+00:00,2026-09-27T13:25:00+00:00,72,47.5,others,openepg,OSNtv Showcase Classics.sa,OSNtv Showcase Classics.sa,,,,,,,0,0.0
CERTAIN,osntvshowcaseclassics,1.00,others,openepg,OSNtv Showcase Classics.sa,OSNtv Showcase Classics.sa,,,,,,,0,0.0,osn,osn,OSNShowcaseClassics.ae@SD,OSNtv Showcase Classics,Girls,تقوم هانا بتجهيز حفلة عشاء للناضجين ولكن تصرفات أصدقائها الصبيانية تخيب آمالها. مواجهة بين مارني وأودري، بينما تدرك شوشانا أنها إنتقلت إلى مرحلة جديدة في علاقتها مع راي. وأيضاً، تقابل جيسا والدا توماس-جون.,en,ar,2026-09-27T12:55:00+00:00,2026-09-27T13:25:00+00:00,72,47.5
CERTAIN,padel,1.00,osn,osn,OSNPadelTV,Padel TV,Hexagon Cup Highlight 2026,أبرز أحداث كأس هيكساجون 2026,en,ar,2026-09-27T12:58:00+00:00,2026-09-27T13:56:00+00:00,81,49.1,others,openepg,Padel TV.sa,Padel TV.sa,,,,,,,0,0.0
CERTAIN,padel,1.00,others,openepg,Padel TV.sa,Padel TV.sa,,,,,,,0,0.0,osn,osn,OSNPadelTV,Padel TV,Hexagon Cup Highlight 2026,أبرز أحداث كأس هيكساجون 2026,en,ar,2026-09-27T12:58:00+00:00,2026-09-27T13:56:00+00:00,81,49.1
CERTAIN,rotanacinemaegypt,1.00,elcinema,elcinema,RotanaCinemaEgypt.eg@SD,روتانا سينما مصر,دم الغزال,رضا شاب فقير يعاني من البطالة يحاول الزواج من حنان جارته في الحارة ولكنها تهرب منه لتعيش مع سيدة أرستقراطية وتعمل عندها ويتورط رضا مع الجماعات اﻻرهابية، على الجانب الأخر يعيش جابر عميش على خداع الناس والنصب عليهم ويكون مصيره الموت في حادثة.,ar,ar,2026-09-27T11:00:00+00:00,2026-09-27T13:00:00+00:00,22,46.0,others,rotana,official.rotana.cinema.egypt,Rotana Cinema Egypt,حملة فريزر,,ar,,2026-09-27T11:00:00+00:00,2026-09-27T13:00:00+00:00,32,58.0
CERTAIN,rotanacinemaegypt,1.00,others,rotana,official.rotana.cinema.egypt,Rotana Cinema Egypt,حملة فريزر,,ar,,2026-09-27T11:00:00+00:00,2026-09-27T13:00:00+00:00,32,58.0,elcinema,elcinema,RotanaCinemaEgypt.eg@SD,روتانا سينما مصر,دم الغزال,رضا شاب فقير يعاني من البطالة يحاول الزواج من حنان جارته في الحارة ولكنها تهرب منه لتعيش مع سيدة أرستقراطية وتعمل عندها ويتورط رضا مع الجماعات اﻻرهابية، على الجانب الأخر يعيش جابر عميش على خداع الناس والنصب عليهم ويكون مصيره الموت في حادثة.,ar,ar,2026-09-27T11:00:00+00:00,2026-09-27T13:00:00+00:00,22,46.0
CERTAIN,rotanacinemaksa,1.00,elcinema,elcinema,RotanaCinemaKSA.sa@SD,روتانا سينما,الكف,في حفل عقد قران حسام الذي يلقى مصرعه برصاصة طائشة، يتذكر مختار قارئ الكف الذي قرأ كفه منذ سنين، وقال له أنه سيرزق بثلاثة أولاد، لكنهم سيموتون جميعهم في حفلات زفافهم، وبعد موت اثنان من أبنائه، يعود ابنه الثالث عمر ويلتقي بايناس ابنة أخت أبو الفضل وتتدخل دولت والدته لمنع الزواج.,ar,ar,2026-09-27T12:00:00+00:00,2026-09-27T14:00:00+00:00,23,47.0,others,rotana,official.rotana.cinema.ksa,Rotana Cinema KSA,العميل صفر,,ar,,2026-09-27T12:00:00+00:00,2026-09-27T14:00:00+00:00,32,61.0
CERTAIN,rotanacinemaksa,1.00,others,rotana,official.rotana.cinema.ksa,Rotana Cinema KSA,العميل صفر,,ar,,2026-09-27T12:00:00+00:00,2026-09-27T14:00:00+00:00,32,61.0,elcinema,elcinema,RotanaCinemaKSA.sa@SD,روتانا سينما,الكف,في حفل عقد قران حسام الذي يلقى مصرعه برصاصة طائشة، يتذكر مختار قارئ الكف الذي قرأ كفه منذ سنين، وقال له أنه سيرزق بثلاثة أولاد، لكنهم سيموتون جميعهم في حفلات زفافهم، وبعد موت اثنان من أبنائه، يعود ابنه الثالث عمر ويلتقي بايناس ابنة أخت أبو الفضل وتتدخل دولت والدته لمنع الزواج.,ar,ar,2026-09-27T12:00:00+00:00,2026-09-27T14:00:00+00:00,23,47.0
CERTAIN,rotanaclassic,1.00,elcinema,elcinema,RotanaClassic.sa@SD,روتانا كلاسيك,أميرة حبي أنا,عادل مدير إحدى الشركات ومتزوج من نبيلة ابنة مدحت صاحب الشركة. يقع عادل في حب أميرة الموظفة بالشركة، ويبوح لها بمشاعره وأنه غير موفق في حياته مع زوجته وأن زواجه كان مصلحة ليصل إلى مركزه، تبادله أميرة نفس المشاعر ويتزوجها في السر ولكن مدحت يكتشف أمرهما.,ar,ar,2026-09-27T12:00:00+00:00,2026-09-27T14:00:00+00:00,30,47.0,others,rotana,official.rotana.classic,Rotana Classic,الآنسة ماما,,ar,,2026-09-27T12:00:00+00:00,2026-09-27T14:00:00+00:00,4,5.5
CERTAIN,rotanaclassic,1.00,others,rotana,official.rotana.classic,Rotana Classic,الآنسة ماما,,ar,,2026-09-27T12:00:00+00:00,2026-09-27T14:00:00+00:00,4,5.5,elcinema,elcinema,RotanaClassic.sa@SD,روتانا كلاسيك,أميرة حبي أنا,عادل مدير إحدى الشركات ومتزوج من نبيلة ابنة مدحت صاحب الشركة. يقع عادل في حب أميرة الموظفة بالشركة، ويبوح لها بمشاعره وأنه غير موفق في حياته مع زوجته وأن زواجه كان مصلحة ليصل إلى مركزه، تبادله أميرة نفس المشاعر ويتزوجها في السر ولكن مدحت يكتشف أمرهما.,ar,ar,2026-09-27T12:00:00+00:00,2026-09-27T14:00:00+00:00,30,47.0
CERTAIN,rotanacomedy,1.00,elcinema,elcinema,RotanaComedy.sa@SD,روتانا كوميدي,غريب في بيتي,تدور الأحداث حول لاعب الكرة (شحاتة أبو كف) الذي يحترف الكرة في نادي الزمالك وهو من سكان الصعيد، يشتري له النادي شقة، ولكن صاحبها ينصب عليه حين يبيع الشقة له ولسيدة أخرى مع ابنها في نفس الوقت، ويضطر الطرفان للعيش في بيت واحد، وتتوالى الأحداث.,ar,ar,2026-09-27T12:00:00+00:00,2026-09-27T14:00:00+00:00,21,47.0,others,rotana,official.rotana.comedy,Rotana Comedy,فضل ونعمة,,ar,,2026-09-27T12:00:00+00:00,2026-09-27T14:00:00+00:00,39,77.0
CERTAIN,rotanacomedy,1.00,others,rotana,official.rotana.comedy,Rotana Comedy,فضل ونعمة,,ar,,2026-09-27T12:00:00+00:00,2026-09-27T14:00:00+00:00,39,77.0,elcinema,elcinema,RotanaComedy.sa@SD,روتانا كوميدي,غريب في بيتي,تدور الأحداث حول لاعب الكرة (شحاتة أبو كف) الذي يحترف الكرة في نادي الزمالك وهو من سكان الصعيد، يشتري له النادي شقة، ولكن صاحبها ينصب عليه حين يبيع الشقة له ولسيدة أخرى مع ابنها في نفس الوقت، ويضطر الطرفان للعيش في بيت واحد، وتتوالى الأحداث.,ar,ar,2026-09-27T12:00:00+00:00,2026-09-27T14:00:00+00:00,21,47.0
CERTAIN,rotanadrama,1.00,elcinema,elcinema,RotanaDrama.sa@SD,روتانا دراما,انحراف,المسلسل مأخوذ عن أحداث حقيقية، تدور فى دراما تشويقية مليئة بالغموض، حول انحراف عدد من الشخصيات عن الطبيعة البشرية؛ يصطدمون بطبيبة نفسية وتقرر تعديل المسار بطريقتها الخاصة.,ar,ar,2026-09-27T12:00:00+00:00,2026-09-27T13:00:00+00:00,41,46.0,others,rotana,official.rotana.drama,Rotana Drama,,,,,,,0,0.0
CERTAIN,rotanadrama,1.00,others,rotana,official.rotana.drama,Rotana Drama,,,,,,,0,0.0,elcinema,elcinema,RotanaDrama.sa@SD,روتانا دراما,انحراف,المسلسل مأخوذ عن أحداث حقيقية، تدور فى دراما تشويقية مليئة بالغموض، حول انحراف عدد من الشخصيات عن الطبيعة البشرية؛ يصطدمون بطبيبة نفسية وتقرر تعديل المسار بطريقتها الخاصة.,ar,ar,2026-09-27T12:00:00+00:00,2026-09-27T13:00:00+00:00,41,46.0
CERTAIN,rotanakhalijia,1.00,elcinema,elcinema,RotanaKhalijia.sa@SD,روتانا خليجية,قطع وريد,تحدث جريمة قتل غامضة في قرية قريبة من دمشق تُدعى (المفرق)، ثم يبدأ التحقيق للبحث عن الجاني بين أفراد عائلتين تعيشان في القرية، لتكشف التحقيقات عن أسرار وتفاصيل صادمة وغير متوقعة.,ar,ar,2026-09-27T12:00:00+00:00,2026-09-27T13:00:00+00:00,40,45.5,others,rotana,official.rotana.khalijia,Rotana Khalijia,,,,,,,0,0.0
CERTAIN,rotanakhalijia,1.00,others,rotana,official.rotana.khalijia,Rotana Khalijia,,,,,,,0,0.0,elcinema,elcinema,RotanaKhalijia.sa@SD,روتانا خليجية,قطع وريد,تحدث جريمة قتل غامضة في قرية قريبة من دمشق تُدعى (المفرق)، ثم يبدأ التحقيق للبحث عن الجاني بين أفراد عائلتين تعيشان في القرية، لتكشف التحقيقات عن أسرار وتفاصيل صادمة وغير متوقعة.,ar,ar,2026-09-27T12:00:00+00:00,2026-09-27T13:00:00+00:00,40,45.5
CERTAIN,stv1,1.00,osn,osn,OSNSTV1HD,STV1 HD,نشرة الأخبار,تقدم المذيعة آخر تحديثات الأخبار والتطورات المتعلقة بالمجتمع والسياسة والاقتصاد والمالية من جميع أنحاء العالم.,ar,ar,2026-09-27T12:30:00+00:00,2026-09-27T13:30:00+00:00,73,47.5,others,openepg,STV1 HD.sa,STV1 HD.sa,,,,,,,0,0.0
CERTAIN,stv1,1.00,others,openepg,STV1 HD.sa,STV1 HD.sa,,,,,,,0,0.0,osn,osn,OSNSTV1HD,STV1 HD,نشرة الأخبار,تقدم المذيعة آخر تحديثات الأخبار والتطورات المتعلقة بالمجتمع والسياسة والاقتصاد والمالية من جميع أنحاء العالم.,ar,ar,2026-09-27T12:30:00+00:00,2026-09-27T13:30:00+00:00,73,47.5
CERTAIN,الامارات,1.00,elcinema,elcinema,elcinema.1135,اﻹمارات,لحظات مسروقة,في دراما مستوحاة من الواقع، تطل علينا قصة 'فاطمة'؛ المرأة التي استسلمت لطموحها الجارف وسعيها المحموم لتحقيق ذاتها، حتى تحولت رغبتها في النجاح إلى قسوةٍ تجاه حياتها الخاصة. وبينما كانت تضع عملها ومكانتها في كفة، وأولادها واستقرار بيتها في كفة أخرى، اكتشفت متأخرة أن بريق القمة قد سرق منها أجمل سنوات عمرها، تاركاً خلفه شرخاً في علاقتها بأطفالها لا تبرؤه النجاحات.,ar,ar,2026-09-27T12:00:00+00:00,2026-09-27T13:00:00+00:00,48,46.0,others,openepg,اﻹمارات.eg,اﻹمارات.eg,,,,,,,0,0.0
CERTAIN,الامارات,1.00,others,openepg,اﻹمارات.eg,اﻹمارات.eg,,,,,,,0,0.0,elcinema,elcinema,elcinema.1135,اﻹمارات,لحظات مسروقة,في دراما مستوحاة من الواقع، تطل علينا قصة 'فاطمة'؛ المرأة التي استسلمت لطموحها الجارف وسعيها المحموم لتحقيق ذاتها، حتى تحولت رغبتها في النجاح إلى قسوةٍ تجاه حياتها الخاصة. وبينما كانت تضع عملها ومكانتها في كفة، وأولادها واستقرار بيتها في كفة أخرى، اكتشفت متأخرة أن بريق القمة قد سرق منها أجمل سنوات عمرها، تاركاً خلفه شرخاً في علاقتها بأطفالها لا تبرؤه النجاحات.,ar,ar,2026-09-27T12:00:00+00:00,2026-09-27T13:00:00+00:00,48,46.0
CERTAIN,التلفزيونالعربي2,1.00,elcinema,elcinema,AlArabyTV2.qa@SD,التلفزيون العربي 2,برنامج عالم البهارات,,ar,,2026-09-27T12:00:00+00:00,2026-09-27T13:00:00+00:00,49,46.0,others,openepg,التلفزيون العربي 2.eg,التلفزيون العربي 2.eg,,,,,,,0,0.0
CERTAIN,التلفزيونالعربي2,1.00,others,openepg,التلفزيون العربي 2.eg,التلفزيون العربي 2.eg,,,,,,,0,0.0,elcinema,elcinema,AlArabyTV2.qa@SD,التلفزيون العربي 2,برنامج عالم البهارات,,ar,,2026-09-27T12:00:00+00:00,2026-09-27T13:00:00+00:00,49,46.0
CERTAIN,ماسة,1.00,elcinema,elcinema,Masah.sa@SD,ماسة,,,,,,,0,0.0,others,openepg,ماسة.eg,ماسة.eg,,,,,,,0,0.0
CERTAIN,ماسة,1.00,others,openepg,ماسة.eg,ماسة.eg,,,,,,,0,0.0,elcinema,elcinema,Masah.sa@SD,ماسة,,,,,,,0,0.0
REVIEW,,1.00,bein,bein,beINMovies1Premiere.qa@SD,beINMOVIES1,Caught Stealing,فيلم يُعرض على قنوات beIN Movies.,en,ar,2026-09-27T12:44:00+00:00,2026-09-27T14:30:00+00:00,27,49.0,elcinema,elcinema,beINMovies1Premiere.qa@SD,بي إن موفيز بريمير,The Great Escaper,في إطار من الدراما، يهرب بيرنارد جوردان من منزل لرعاية المسنين؛ في سبيل حضور احتفالات الذكرى الـ70 لغزو نورمندي في فرنسا.,en,ar,2026-09-27T11:30:00+00:00,2026-09-27T13:15:00+00:00,4,5.8
REVIEW,,1.00,bein,bein,beINMovies2Action.qa@SD,beINMOVIES2,2012,فيلم يُعرض على قنوات beIN Movies.,en,ar,2026-09-26T20:45:00+00:00,2026-09-27T20:45:00+00:00,22,49.5,elcinema,elcinema,beINMovies2Action.qa@SD,بي إن موفيز أكشن,Boy Kills World,في إطار من الحركة والتشويق، يدور العمل حول قصة شاب أصم يتمتع بخيال جامح يتعرض والداه للقتل، ويستغل رجل الأمر في تحويل الشاب إلى أداة للقتل، وتتوالى الأحداث.,en,ar,2026-09-27T12:15:00+00:00,2026-09-27T14:15:00+00:00,4,6.8
REVIEW,,1.00,bein,bein,beINMovies3Drama.qa@SD,beINMOVIES3,Little Women,فيلم يُعرض على قنوات beIN Movies.,en,ar,2026-09-26T20:15:00+00:00,2026-09-27T20:15:00+00:00,24,48.8,elcinema,elcinema,beINMovies3Drama.qa@SD,بي إن موفيز دراما,Grown Ups 2,يقرر (ليني) أن يعيد عائلته إلى مسقط رأسه حيث نشأ مع أصدقائه، وطوال أحداث الفيلم يعتقد (ليني)، وأصدقائه أن أبنائهم لا يزالوا أطفالًا، ولكنهم في النهاية يدركون ويتقبلون فكرة أنهم كبروا في السن، وأنهم يتعلمون منهم.,en,ar,2026-09-27T11:45:00+00:00,2026-09-27T13:30:00+00:00,4,6.5
REVIEW,,1.00,bein,bein,beINSeries1.qa@SD,beINSERIES1,Shark Tank S17 | E18,مسلسل أو برنامج درامي يُعرض على قنوات beIN.,en,ar,2026-09-27T12:00:00+00:00,2026-09-27T13:00:00+00:00,33,31.3,elcinema,elcinema,beINSeries1.qa@SD,بي إن سيريس,America's Got Talent: Extreme,برنامج يعرض في حلقاته مجموعة من أكثر العروض الشنيعة والفريدة من نوعها والمذهلة، وذلك من حيث الحجم والخطورة خلال تنفيذها، والتي لا يمكن حصرها في حلقة واحدة من البرنامج الأصلي.,en,ar,2026-09-27T12:00:00+00:00,2026-09-27T14:00:00+00:00,29,35.0
REVIEW,,1.00,bein,bein,FoxActionMoviesMENA.hk@SD,Fox Action Movies MENA,الحرائق,فيلم يُعرض على قنوات beIN Movies.,ar,ar,2026-09-27T10:59:00+00:00,2026-09-27T12:59:00+00:00,16,30.0,elcinema,elcinema,FoxActionMoviesMENA.hk@SD,ستار أكشن,9-1-1 S4,بعد الزلزال المدمر والتسونامي الساحلي الذي أحدث دمارًا في المدينة، تنتشر الفوضى فتصمم أثينا على وضع إصاباتها الجسدية والعاطفية وراءها والعودة للعمل، بينما تستعد مادي وتشيمني لولادة طفلهما.,en,ar,2026-09-27T12:30:00+00:00,2026-09-27T13:10:00+00:00,5,5.5
REVIEW,,1.00,bein,bein,StarMoviesMiddleEast.ae@SD,Star Movies Middle East,,,,,,,0,0.0,elcinema,elcinema,StarMoviesMiddleEast.ae@SD,ستار موفيز,Last Chance Harvey,شخصين في منتصف العمر يلتقيان صدفة وهما مثقلان بهموم الفشل وإحباطات الخسارة ويعيشان تجربة حب بستعدان فيها لتقبل خيبة الأمل أكثر من استعدادهما لاحتمالات النجاح من خلال مشاهد تختلط فيها الرومانسية بالطرافة بالاحباط بالألم.,en,ar,2026-09-27T12:30:00+00:00,2026-09-27T14:00:00+00:00,17,36.2
REVIEW,,1.00,bein,bein,StarWorldMiddleEast.ae@SD,Star World Middle East,PINS AND NETTIE EP 16 - Hedgie Thunder,برنامج يُعرض ضمن باقة beIN.,ar,ar,2026-09-27T12:53:00+00:00,2026-09-27T12:59:00+00:00,169,31.6,elcinema,elcinema,StarWorldMiddleEast.ae@SD,ستار ورلد,Sullivan's Crossing S3,تدور أحداث المسلسل حول ماجي سوليفان التي تخوض مغامرات الحياة في ريف نوفا سكوشا بعد تعرضها لإجهاض مأساوي إثر حريق في مطعم، مما يدفعها للاستقرار في المخيم للأبد، حيث تُنمي علاقتها مع كال جونز وتساهم في تجديد المخيم، كما تقرر افتتاح عيادتها الخاصة.,en,ar,2026-09-27T12:15:00+00:00,2026-09-27T13:00:00+00:00,7,5.7
REVIEW,,1.00,osn,osn,AbuDhabiTV.ae@SD,Abu Dhabi TV HD,مهارات,انطلاقاً من أجندة دولة الإمارات الرامية إلى تحقيق اقتصاد متنوع، يقدم البرنامج نماذج للمبادرات الوطنية الهادفة إلى تعزيز المهارات التقنية والمهنية، وتوجيه الشباب نحو هذا القطاع الحيوي.,ar,ar,2026-09-27T12:30:00+00:00,2026-09-27T13:00:00+00:00,65,48.0,elcinema,elcinema,AbuDhabiTV.ae@SD,أبو ظبي,برنامج بيوتنا,,ar,,2026-09-27T12:30:00+00:00,2026-09-27T13:00:00+00:00,5,5.0
REVIEW,,1.00,osn,osn,AlArabyTV2.qa@SD,Al Araby 2,ليلة القبض على فاطمة,"بعد العدوان الثلاثي على بورسعيد واحتلالها من قبل الأنجليز، تعيش فاطمة لحظات عصيبة وهى تحاو العبور لبور فؤاد من خلال المعدية والمرور من نقطة تفتيش جنود الأحتلال, وهي تحمل الذخيرة والقنابل في ملابسها.",ar,ar,2026-09-27T12:00:00+00:00,2026-09-27T14:00:00+00:00,58,48.0,elcinema,elcinema,AlArabyTV2.qa@SD,التلفزيون العربي 2,برنامج عالم البهارات,,ar,,2026-09-27T12:00:00+00:00,2026-09-27T13:00:00+00:00,49,46.0
REVIEW,,1.00,osn,osn,BahrainTV.bh@SD,Bahrain TV,صحافتكم,مجموعة من أحدث وأهم الأخبار والتحديثات والتطورات.,ar,ar,2026-09-27T12:42:00+00:00,2026-09-27T12:59:00+00:00,116,47.6,elcinema,elcinema,BahrainTV.bh@SD,البحرين,,,,,,,0,0.0
REVIEW,,1.00,osn,osn,DiscoveryChannelMiddleEastAfrica.us@SD,Discovery Channel HD,Gold Rush,يتسابق كل من باركر وريك وتوني للاستفادة من ارتفاع أسعار الذهب القياسية. لكن البداية المتأخرة للموسم تعني أن هناك وقتًا أقل من أي وقت مضى للاستفادة منه,en,ar,2026-09-27T12:10:00+00:00,2026-09-27T13:50:00+00:00,61,48.0,elcinema,elcinema,DiscoveryChannelMiddleEastAfrica.us@SD,ديسكفري,Wheeler dealers - Veteran Car,,en,,2026-09-27T12:30:00+00:00,2026-09-27T13:20:00+00:00,7,4.8
REVIEW,,1.00,osn,osn,DMC.eg@SD,DMC HD,اليوم,تقدم صحيفة اليوم أخبارًا مباشرة في بيئة مريحة وجذابة. يتضمن البرنامج أيضًا مقابلات مع الجميع من السياسيين إلى الرياضيين ؛ قادة في الأعمال والفنون.,ar,ar,2026-09-27T12:30:00+00:00,2026-09-27T13:00:00+00:00,36,47.5,elcinema,elcinema,DMC.eg@SD,دي إم سي,برنامج ست ستات,,ar,,2026-09-27T12:00:00+00:00,2026-09-27T13:15:00+00:00,4,5.5
REVIEW,,1.00,osn,osn,DubaiTV.ae@SD,Dubai TV HD,غراند ديزاينز,يتابع كيفن ماكلاود الأفراد الجريئين الذين يحاولون تصميم وبناء منازل أحلامهم بأنفسهم.,ar,ar,2026-09-27T12:30:00+00:00,2026-09-27T13:20:00+00:00,79,48.0,elcinema,elcinema,DubaiTV.ae@SD,دبي,,,,,,,0,0.0
REVIEW,,1.00,osn,osn,MBC1.ae@SD,MBC 1,ولد أمه,عندما يظهر مبلغ من المال في منزل يوسف بشكل غامض، يقلق الجميع حيال مصدره. يتخذ عزيز خطوة صارمة لاكتشاف سبب أهمية اللابتوب.,ar,ar,2026-09-27T12:20:00+00:00,2026-09-27T13:05:00+00:00,62,48.1,elcinema,elcinema,MBC1.ae@SD,إم بي سي,ست شباب,تدور الأحداث حول ستة شباب من دول خليجية مختلفة مُبتعثين للدراسة في أمريكا، حيث يعيشون في شقة واحدة مشتركة وتدور بينهم العديد من المواقف داخل الجامعة وخارجها، بالإضافة إلى المشاكل التي تواجههم كطلاب مغتربين.,ar,ar,2026-09-27T12:55:00+00:00,2026-09-27T13:30:00+00:00,50,46.0
REVIEW,,1.00,osn,osn,MBC3.ae@SD,MBC 3,درونكاتس,عندما تجذب المشاكل الانتباه، تنطلق قطط الدرون في مهمتها! برفقة آرلو ودوتي، يستخدم هؤلاء الأبطال ذوو التقنية العالية عقولهم وأدواتهم وعملهم الجماعي للحفاظ على سلامة مياوبوليس.,ar,ar,2026-09-27T12:45:00+00:00,2026-09-27T13:00:00+00:00,169,47.5,elcinema,elcinema,MBC3.ae@SD,إم بي سي 3,جوني جيتبوي,يتعلم أصغر أفراد عائلة الأبطال الخارقين كيف يصبح بطلاً خارقًا، ويساعد عائلته في حماية مدينة كالاميتي كانيون عالية التقنية من الأشرار المتعددين.,ar,ar,2026-09-27T12:30:00+00:00,2026-09-27T13:00:00+00:00,82,45.5
REVIEW,,1.00,osn,osn,MBC5.ae@SD,MBC 5,ولاد رزق 2,بعد مرور ثلاث سنوات على العهد الذي قطعه الأخوة الأربعة على أنفسهم بالابتعاد عن حياة السرقة والجريمة، يطرأ حدث يغير حياتهم ويضعهم في مواجهات خطيرة.,ar,ar,2026-09-27T11:44:00+00:00,2026-09-27T14:01:00+00:00,60,48.0,elcinema,elcinema,MBC5.ae@SD,إم بي سي 5,شهادة ميلاد ج2,في الموسم الثاني، تكتشف (نرجس) بأن (كلثوم) و(قاسم) ليسا أبويها الحقيقيين، وأنه تم تبديلها بمولود آخر حين ولادتها. ثم تحدث تبعات مثيرة نتيجة لهذا الأمر وتتوالى الأحداث.,ar,ar,2026-09-27T12:47:00+00:00,2026-09-27T13:21:00+00:00,51,45.9
REVIEW,,1.00,osn,osn,MBCDrama.ae@SD,MBC Drama,حبيبتي.. من تكون؟,بعد انتهاء السباق، تقيم العائلة احتفالا لفيناياك، حيث يطلب من والده أن يحقق له أمنيته. بعد أن يحاول جاكتاب إخبار فيرات عن أمر هام، يغادر الأخير المنزل على عجلة من أمره.,ar,ar,2026-09-27T12:03:00+00:00,2026-09-27T13:00:00+00:00,49,48.0,elcinema,elcinema,MBCDrama.ae@SD,إم بي سي دراما,وتقابل حبيب,تكتشف امرأة ثرية خيانة زوجها لها والزواج عليها، فتقرر الانفصال عنه وتبحث عن علاقة حب جديدة، لكنها تتورط في صراعات مختلفة لم تكن تتوقعها، وتتغير معها حياتها تدريجيًا.,ar,ar,2026-09-27T12:00:00+00:00,2026-09-27T13:00:00+00:00,41,46.0
REVIEW,,1.00,osn,osn,MBCIraq.iq@SD,MBC Iraq,ع أمل,يتخذ سيف قرارا بشأن ضحى وتنشب لاحقا مشادة بينها وعقيل. يحث سركيس يسار على الاختيار بين القوة والاستسلام.,ar,ar,2026-09-27T12:01:00+00:00,2026-09-27T13:01:00+00:00,59,48.0,elcinema,elcinema,MBCIraq.iq@SD,إم بي سي العراق,عودة خالتي,بعد أن كرست حميدة حياتها في عالم الموضة لتكوين إمبراطوريتها الخاصة، تضطر على تواجه عالما جديدا وخطيرا لإنقاذ أولاد شقيقتها داليا من المشاكل التي تورطوا فيها.,ar,ar,2026-09-27T12:00:00+00:00,2026-09-27T13:00:00+00:00,49,46.0
REVIEW,,1.00,osn,osn,MBCMasr.eg@SD,MBC Masr,شقة فيصل,تلوم سمارة هبة على الرسالة التي كتبتها لزوجها. أما حمادة، فيشعل النيران في الاستوديو الخاص بميزو.,ar,ar,2026-09-27T12:58:00+00:00,2026-09-27T14:00:00+00:00,37,48.0,elcinema,elcinema,MBCMasr.eg@SD,إم بي سي مصر,كلام الناس,برنامج يذاع على قناة (إم بي سي مصر)، من الخميس للأحد في السادسة مساءً، تقدمه الإعلامية (ياسمين عز)، تستضيف من خلاله عددًا من المشاهير والفنانين.,ar,ar,2026-09-27T12:00:00+00:00,2026-09-27T13:14:00+00:00,32,46.0
REVIEW,,1.00,osn,osn,MBCMasr2.eg@SD,MBC Masr2,الكورة مع فايق,عشاق الكرة على موعد مع برنامج يكشف النقاب عن الكثير من التصريحات والتحليلات الغنية للمباريات مع أكبر المحللين الرياضيين في الوطن العربي لما يحدث في الساحة المصرية والعربية والعالمية.,ar,ar,2026-09-27T11:33:00+00:00,2026-09-27T13:05:00+00:00,45,48.0,elcinema,elcinema,MBCMasr2.eg@SD,إم بي سي مصر 2,بادي أشي لاجت هين 4,تعاني (بهاجياشري) كامرأة عزباء مستقلة تخشى الحب، وتداوي جراح قلبها بعد خيانة مؤلمة. ثم تلتقي بـ(ريشاب)، الشاب حرّ الروح، الذي يدخل حياتها ليصبح أملها الجديد في الحب.,ar,ar,2026-09-27T12:00:00+00:00,2026-09-27T13:00:00+00:00,38,46.0
REVIEW,,1.00,osn,osn,MBCPlusDrama.sa@SD,MBC+ Drama,الحصاد المر,يسعى جواد لتصحيح الخطأ الذي ارتكبه بحق زينة، بينما يحاول جمشيد تبرير تصرفاته واستعادة ثقة الأخيرة واستغلال طيبتها.,ar,ar,2026-09-27T12:17:00+00:00,2026-09-27T13:04:00+00:00,64,47.5,elcinema,elcinema,MBCPlusDrama.sa@SD,إم بي سي دراما +,أمر إخلاء,تتعرض عائلة لكارثة كبيرة، حينما يخسر الأب ممتلكاته، لتنحدر العائلة رويدًا رويدًا وتنقلب حياتهم رأسًا على عقب في مكانتهم الجديدة، وعليهم التعامل مع الوضع الجديد.,ar,ar,2026-09-27T12:30:00+00:00,2026-09-27T13:15:00+00:00,54,46.0
REVIEW,,1.00,osn,osn,OmanTV.om@SD,Oman TV,فريق الخراف الأقوياء,يقود ويسلي فريقاً من خمسة خراف في مغامرات شيقة لمساعدة الحشرات المحتاجة، ويكتشف الفريق خلال كل مهمة معلومات جديدة وممتعة عن عالم الحشرات.,ar,ar,2026-09-27T12:45:00+00:00,2026-09-27T13:00:00+00:00,89,47.4,others,openepg,Oman TV.sa,Oman TV.sa,,,,,,,0,0.0
REVIEW,,1.00,osn,osn,RoyaTV.jo@SD,Roya TV HD,مرايا 2003,تتعلم مجموعة من الأشخاص درسًا مفيدًا بعد تعرضهم لعدة مواقف تمثل المجتمع السوري,ar,ar,2026-09-27T12:30:00+00:00,2026-09-27T13:30:00+00:00,40,47.5,elcinema,elcinema,RoyaTV.jo@SD,رؤيا,برنامج من هنا نبدأ,,ar,,2026-09-27T12:30:00+00:00,2026-09-27T13:30:00+00:00,33,45.5
REVIEW,,1.00,elcinema,elcinema,Althania.sy@SD,الثانية,عطر الشام ج4,تنتقل أحداث الجزء الرابع من المسلسل من مرحلة الصراع مع الاحتلال الفرنسي، إلى مرحلة القضايا الاجتماعية واليومية في حياة الدمشقيين في حقبة الثلاثينات، شاهدا على مشاكل البيت الدمشقي في تلك الفترة وصراع المرأة مع زوجها في مطالبتها بحقوقها.,ar,ar,2026-09-27T12:00:00+00:00,2026-09-27T13:00:00+00:00,39,46.0,others,openepg,Althania.eg,Althania.eg,,,,,,,0,0.0
REVIEW,,1.00,elcinema,elcinema,CartoonNetworkArabic.ae@SD,نتورك بالعربية,Roll No. 21,يعود ملك ماثورا الشرير كانسا، إلى الأرض بشخصية كانيشك لغزو الأرض والسيطرة عليها في النهاية، ويخفي نواياه القاسية تحت ستار إنساني عظيم، يجب على الآلهة أن تتصرف بسرعة قبل أن يجمع جيش الزومبي لاستخدامه في مخططه.,en,ar,2026-09-27T12:00:00+00:00,2026-09-27T13:00:00+00:00,41,46.0,others,openepg,نتورك بالعربية.eg,نتورك بالعربية.eg,,,,,,,0,0.0
REVIEW,,1.00,elcinema,elcinema,CBCSofra.eg@SD,سي بي سي سفرة,,,,,,,0,0.0,others,openepg,CBC Sofra.sa,CBC Sofra.sa,,,,,,,0,0.0
REVIEW,,1.00,elcinema,elcinema,KTV1.kw@SD,الكويت,,,,,,,0,0.0,others,openepg,KTV Channel 1 HD.sa,KTV Channel 1 HD.sa,,,,,,,0,0.0
REVIEW,,1.00,elcinema,elcinema,Masah.sa@SD,ماسة,,,,,,,0,0.0,others,openepg,Masah.eg,Masah.eg,,,,,,,0,0.0
REVIEW,,1.00,elcinema,elcinema,MTV.lb@SD,إم تي في,ابنتي,أويكو فتاة في الثامنة من عمرها، تعاني من مرض وراثي نادر، وتبدأ رحلة البحث عن والدها بعد أن تتخلى عنها عمتها. لكن المفاجأة تكون في أنه، بعد لقائه بها، يحاول التخلص منها بدلًا من احتضانها، فتزداد معاناتها بدل أن تتحسن.,ar,ar,2026-09-27T12:45:00+00:00,2026-09-27T13:45:00+00:00,6,5.0,others,openepg,MTV.eg,MTV.eg,,,,,,,0,0.0
REVIEW,,0.95,bein,bein,AlJazeeraDocumentary.qa@SD,Al Jazeera Documentary,القصة وما فيها,برنامج يُعرض ضمن باقة beIN باللغة العربية.,ar,ar,2026-09-27T12:30:00+00:00,2026-09-27T13:00:00+00:00,15,7.9,others,openepg,Aljazeera-Documentary-1.qa,Aljazeera-Documentary-1.qa,,,,,,,0,0.0
REVIEW,,0.92,osn,osn,OSNeClutchLIVE,eClutch LIVE,EClutch Live 1,اي كلاتش لايف 1 هي وجهةٌ مثاليةٌ لعشاق الرياضات الإلكترونية التنافسية. وبصفتها القناة الرئيسية للبطولات المباشرة على منصة اي كلاتش تبثّ القناة فعالياتٍ رياضيةً إلكترونيةً رائدةً سنويًا، مثل جولة ستريت فايتر برو تور ومنافسات بلاست رانبو وسيكس سييج.,en,ar,2026-09-27T12:00:00+00:00,2026-09-27T13:00:00+00:00,49,48.0,others,openepg,eClutch LIVE 2.sa,eClutch LIVE 2.sa,,,,,,,0,0.0
REVIEW,,0.92,osn,osn,OSNeClutchLIVE2,eClutch LIVE 2,EClutch Live 2,إي كلاتش لايف 2 هي ثاني أكبر قناة رياضية إلكترونية تعمل على مدار الساعة طوال أيام الأسبوع في مجموعة إي كلاتش، وتقدم أكثر من 600 ساعة من الحركة الحية التي تركز على العاب محبوبة عالميًا مثل فورتنايت وروكيت لييغ,en,ar,2026-09-27T12:00:00+00:00,2026-09-27T13:00:00+00:00,49,48.0,others,openepg,eClutch LIVE.sa,eClutch LIVE.sa,,,,,,,0,0.0
REVIEW,,0.91,osn,osn,OSNPopUp2.ae@SD,OSNtv Pop Up 2,,,,,,,0,0.0,others,openepg,OSNtv Pop Up.sa,OSNtv Pop Up.sa,,,,,,,0,0.0
REVIEW,,0.90,osn,osn,AlArabyTV.qa@SD,Al Araby TV,الأخبار,موجز الأخبار,ar,ar,2026-09-27T12:00:00+00:00,2026-09-27T13:00:00+00:00,62,48.0,elcinema,elcinema,AlArabyTV2.qa@SD,التلفزيون العربي 2,برنامج عالم البهارات,,ar,,2026-09-27T12:00:00+00:00,2026-09-27T13:00:00+00:00,49,46.0
REVIEW,,0.90,elcinema,elcinema,AlMasriyah.eg@SD,المصرية,نشرة السادسة,,ar,,2026-09-27T12:00:00+00:00,2026-09-27T13:00:00+00:00,34,45.8,others,openepg,Al Masriya.sa,Al Masriya.sa,,,,,,,0,0.0
REVIEW,,0.89,bein,bein,BeJunior.qa@SD,beJunior,شيفرة سانتوريني,برنامج ترفيهي للأطفال يُعرض على قنوات beIN.,ar,ar,2026-09-27T12:00:00+00:00,2026-09-27T13:00:00+00:00,31,31.0,others,openepg,beJUNIOR-1.qa,beJUNIOR-1.qa,,,,,,,0,0.0
REVIEW,,0.88,osn,osn,MBCMasr.eg@SD,MBC Masr,شقة فيصل,تلوم سمارة هبة على الرسالة التي كتبتها لزوجها. أما حمادة، فيشعل النيران في الاستوديو الخاص بميزو.,ar,ar,2026-09-27T12:58:00+00:00,2026-09-27T14:00:00+00:00,37,48.0,elcinema,elcinema,MBCMasr2.eg@SD,إم بي سي مصر 2,بادي أشي لاجت هين 4,تعاني (بهاجياشري) كامرأة عزباء مستقلة تخشى الحب، وتداوي جراح قلبها بعد خيانة مؤلمة. ثم تلتقي بـ(ريشاب)، الشاب حرّ الروح، الذي يدخل حياتها ليصبح أملها الجديد في الحب.,ar,ar,2026-09-27T12:00:00+00:00,2026-09-27T13:00:00+00:00,38,46.0
REVIEW,,0.88,osn,osn,MBCMasr2.eg@SD,MBC Masr2,الكورة مع فايق,عشاق الكرة على موعد مع برنامج يكشف النقاب عن الكثير من التصريحات والتحليلات الغنية للمباريات مع أكبر المحللين الرياضيين في الوطن العربي لما يحدث في الساحة المصرية والعربية والعالمية.,ar,ar,2026-09-27T11:33:00+00:00,2026-09-27T13:05:00+00:00,45,48.0,elcinema,elcinema,MBCMasr.eg@SD,إم بي سي مصر,كلام الناس,برنامج يذاع على قناة (إم بي سي مصر)، من الخميس للأحد في السادسة مساءً، تقدمه الإعلامية (ياسمين عز)، تستضيف من خلاله عددًا من المشاهير والفنانين.,ar,ar,2026-09-27T12:00:00+00:00,2026-09-27T13:14:00+00:00,32,46.0
REVIEW,,0.83,elcinema,elcinema,HadhramautTV.ye@SD,تلفزيون حضرموت,برنامج,,ar,,2026-09-27T12:30:00+00:00,2026-09-27T13:00:00+00:00,54,46.0,others,openepg,Hadhramaut TV.eg,Hadhramaut TV.eg,,,,,,,0,0.0
REVIEW,,0.80,osn,osn,OSNMoviesAction.ae@SD,OSNtv Movies Action,Kong: Skull Island,استكشف الموطن الغامض والخطير لملك القردة، من خلال فريق من المستكشفين الذين ينطلقون في رحلة خطرة إلى عمق الجزيرة البدائية والغادرة,en,ar,2026-09-27T12:15:00+00:00,2026-09-27T14:10:00+00:00,25,47.6,others,openepg,Movies Action.ae,Movies Action.ae,,,,,,,0,0.0
REVIEW,,0.80,elcinema,elcinema,EchoroukTV.dz@SD,الشروق الجزائرية,رسوم متحركة,,ar,,2026-09-27T12:10:00+00:00,2026-09-27T13:00:00+00:00,42,46.3,others,openepg,Echorouk TV.eg,Echorouk TV.eg,,,,,,,0,0.0
