country,name,id,provider,source,future_programmes,future_hours,desc_pct,sample_title,sample_desc,quality_score,alternatives,alternative_sources,url
Saudi Arabia,RT Arabic.sa,RT Arabic.sa,openepg,saudiarabia5,49,158.8,100.0,Latest News,Latest News,387.2,2,openepg:saudiarabia1:RT Arabic.sa;openepg:saudiarabia2:RT Arabic.sa,https://www.open-epg.com/files/saudiarabia5.xml
Saudi Arabia,Cartoon Network HD.sa,Cartoon Network HD.sa,openepg,saudiarabia5,192,62.8,100.0,The Amazing World of Gumball,The Amazing World of Gumball,386.2,2,openepg:saudiarabia3:Cartoon Network HD.sa;openepg:saudiarabia4:Cartoon Network HD.sa,https://www.open-epg.com/files/saudiarabia5.xml
Saudi Arabia,RT English.sa,RT English.sa,openepg,saudiarabia5,30,158.8,100.0,Headline News,Headline News,368.2,0,,https://www.open-epg.com/files/saudiarabia5.xml
Saudi Arabia,Al Arabiya.sa,Al Arabiya.sa,openepg,saudiarabia5,22,158.8,100.0,Al Arabiya News,Al Arabiya News,360.2,2,openepg:saudiarabia1:Al Arabiya HD.sa;openepg:saudiarabia2:Al Arabiya HD.sa,https://www.open-epg.com/files/saudiarabia5.xml
Saudi Arabia,Bloomberg.sa,Bloomberg.sa,openepg,saudiarabia5,22,158.8,100.0,Bloomberg Primer,Bloomberg Primer,360.2,0,,https://www.open-epg.com/files/saudiarabia5.xml
Saudi Arabia,Al Hadath.sa,Al Hadath.sa,openepg,saudiarabia5,14,158.8,100.0,Studio Al Hadath,Studio Al Hadath,352.2,2,openepg:saudiarabia1:Al Hadath.sa;openepg:saudiarabia2:Al Hadath.sa,https://www.open-epg.com/files/saudiarabia5.xml
Saudi Arabia,MBC 3.sa,MBC 3.sa,openepg,saudiarabia5,149,62.8,100.0,Tata And Kuma,Tata And Kuma,343.2,4,openepg:saudiarabia1:MBC 3.sa;openepg:saudiarabia3:MBC 3 HD.sa;openepg:saudiarabia2:MBC 3.sa;openepg:saudiarabia4:MBC 3 HD.sa,https://www.open-epg.com/files/saudiarabia5.xml
Qatar,Cartoon-Network-Arabic-1.qa,Cartoon-Network-Arabic-1.qa,openepg,qatar5,537,42.8,0.0,Close your Eyes - Time for Bed 1,,334.2,1,openepg:qatar4:Cartoon-Network-Arabic-1.qa,https://www.open-epg.com/files/qatar5.xml
Saudi Arabia,Nick Jr HD.sa,Nick Jr HD.sa,openepg,saudiarabia5,135,62.8,100.0,Mr. Crocodile,Mr. Crocodile,329.2,0,,https://www.open-epg.com/files/saudiarabia5.xml
Saudi Arabia,OSNtv Kids.sa,OSNtv Kids.sa,openepg,saudiarabia5,119,62.8,100.0,Mix Master,Mix Master,313.2,0,,https://www.open-epg.com/files/saudiarabia5.xml
Qatar,HGTV.qa,HGTV.qa,openepg,qatar4,225,42.5,0.0,E14 | S2 دودلبو,,308.75,1,openepg:qatar5:HGTV.qa,https://www.open-epg.com/files/qatar4.xml
Saudi Arabia,NickToons HD.sa,NickToons HD.sa,openepg,saudiarabia5,114,62.8,100.0,"Rock, Paper, Scissors","Rock, Paper, Scissors",308.2,0,,https://www.open-epg.com/files/saudiarabia5.xml
Saudi Arabia,Nickelodeon HD.sa,Nickelodeon HD.sa,openepg,saudiarabia5,105,62.8,100.0,The Loud House,The Loud House,299.2,0,,https://www.open-epg.com/files/saudiarabia5.xml
Saudi Arabia,Rotana Kids.sa,Rotana Kids.sa,openepg,saudiarabia1,118,43.0,100.0,مغامرات ماهر:الحلقة 24,"بينما كان ماركوس يقضي ليلته وحيداً في المنزل، يجد نفسه في كابوس مخيف.. فقد تم نقله إلى داخل لعبة الڤيديو ""غوربار ووادي الأبراج السبعة الخفيفة"" وأصبح أحد أبطالها!",282.5,1,openepg:saudiarabia2:Rotana Kids.sa,https://www.open-epg.com/files/saudiarabia1.xml
Qatar/MENA,AlJazeera English,AlJazeera.English.net,epgshare,ALJAZEERA1,97,62.8,100.0,NEWS 30min,Latest news and analysis from around the world.,281.2,0,,https://epgshare01.online/epgshare01/epg_ripper_ALJAZEERA1.xml.gz
Egypt,OSN TV Comedy.eg,OSN TV Comedy.eg,openepg,egypt2,107,45.3,100.0,2 Broke Girls S6,"In the sixth season, Max and Caroline have to balance their work in the restaurant with their cupcake business, and little by little, their business flourishes.",274.95,0,,https://www.open-epg.com/files/egypt2.xml
Saudi Arabia,Bahrain TV.sa,Bahrain TV.sa,openepg,saudiarabia5,107,43.7,100.0,Aghani,Aghani,272.55,2,openepg:saudiarabia1:Bahrain TV.sa;openepg:saudiarabia2:Bahrain TV.sa,https://www.open-epg.com/files/saudiarabia5.xml
Saudi Arabia,Moonbug Kids.sa,Moonbug Kids.sa,openepg,saudiarabia5,76,62.8,100.0,Blippi,Blippi,270.2,0,,https://www.open-epg.com/files/saudiarabia5.xml
Saudi Arabia,OSNtv Comedy.sa,OSNtv Comedy.sa,openepg,saudiarabia5,104,43.5,100.0,2 Broke Girls,2 Broke Girls,269.25,0,,https://www.open-epg.com/files/saudiarabia5.xml
Saudi Arabia,BBC World.sa,BBC World.sa,openepg,saudiarabia5,72,62.8,100.0,BBC News,BBC News,266.2,0,,https://www.open-epg.com/files/saudiarabia5.xml
Egypt,أو إس إن كوميدي.eg,أو إس إن كوميدي.eg,openepg,egypt1,99,41.9,100.0,2 Broke Girls S6,في الموسم السادس من المسلسل، على كل من ماكس وكارولين الموازنة بين عملهما في المطعم وبين مشروعهما الخاص بالكعك المكوب، وشيئًا فشيئًا يزدهر مشروعهما معًا.,261.85,0,,https://www.open-epg.com/files/egypt1.xml
Qatar,cartoonito.qa,cartoonito.qa,openepg,qatar4,174,42.8,0.0,ذا رينج,,258.2,0,,https://www.open-epg.com/files/qatar4.xml
Saudi Arabia,Sky News Arabia HD.sa,Sky News Arabia HD.sa,openepg,saudiarabia5,62,62.8,100.0,Noon News Show,Noon News Show,256.2,2,openepg:saudiarabia1:Sky News Arabia HD.sa;openepg:saudiarabia2:Sky News Arabia HD.sa,https://www.open-epg.com/files/saudiarabia5.xml
Saudi Arabia,CN Arabia.sa,CN Arabia.sa,openepg,saudiarabia5,58,62.8,100.0,The Wonderfully Weird World of Gumball,The Wonderfully Weird World of Gumball,252.2,0,,https://www.open-epg.com/files/saudiarabia5.xml
Saudi Arabia,CNN HD.sa,CNN HD.sa,openepg,saudiarabia5,56,62.8,100.0,CNN Newsroom,CNN Newsroom,250.2,2,openepg:saudiarabia1:CNN.sa;openepg:saudiarabia2:CNN.sa,https://www.open-epg.com/files/saudiarabia5.xml
Saudi Arabia,MOTORVISION.sa,MOTORVISION.sa,openepg,saudiarabia5,80,43.3,100.0,UIM F1H2O World Powerboat Championship 2026,UIM F1H2O World Powerboat Championship 2026,244.95,0,,https://www.open-epg.com/files/saudiarabia5.xml
UAE,MBC3.ae,MBC3.ae,openepg,uae6,106,25.8,100.0,تاتا وكوما موسم 1 حلقة 25,دعوة البوبي 1,244.7,0,,https://www.open-epg.com/files/uae6.xml
Egypt,OSN TV Now.eg,OSN TV Now.eg,openepg,egypt2,67,45.3,100.0,Bel-Air S3,"In the third season, school ends for the summer, and Will takes an exciting shift in his life as he launches a partnership with Carlton, who desperately wants to leave the life of addiction, but the work between them reveals major differences in their views. Will the partnership between them last?",234.95,0,,https://www.open-epg.com/files/egypt2.xml
Saudi Arabia,Sama Dubai.sa,Sama Dubai.sa,openepg,saudiarabia1,69,43.8,100.0,دبي المستقبل,كونوا على موعد مع برنامج(دبي المستقبل).,234.7,1,openepg:saudiarabia2:Sama Dubai.sa,https://www.open-epg.com/files/saudiarabia1.xml
Saudi Arabia,Gametoon.sa,Gametoon.sa,openepg,saudiarabia5,65,44.8,100.0,Stream Nation - Spyro,Stream Nation - Spyro,232.2,0,,https://www.open-epg.com/files/saudiarabia5.xml
Saudi Arabia,MBC 4 HD.sa,MBC 4 HD.sa,openepg,saudiarabia3,65,42.9,100.0,ما زلت في ١٧,‫م1 ، ح40 : ‫تدخل وو سيو-ري في غيبوبة لمدة ثلاثة عشر عاما نتيجة لحادث، ثم تستيقظ في سن الثلاثين. تتخذ الأمور منعطفا غير متوقع عندما تنطلق للبحث عن أقاربها وتلتقي بجونغ وو-جين.‬‬,229.35,3,openepg:saudiarabia1:MBC 4 HD.sa;openepg:saudiarabia2:MBC 4 HD.sa;openepg:saudiarabia4:MBC 4 HD.sa,https://www.open-epg.com/files/saudiarabia3.xml
Saudi Arabia,MBC VARIETY.sa,MBC VARIETY.sa,openepg,saudiarabia1,62,44.3,100.0,ديمون سلييَر: كيميتسو نو ييبا:الحلقة 24,تتعرض عائلة لهجوم تقوم به مخلوقات خرافية غريبة، تقضي على الجميع ماعدا اثنان يبقيان على قيد الحياة - تانجيرو وشقيقته نيزوكو، التي بدأت هي أيضاً تتحول إلى مخلوق غريب مثلهم بشكل تدريجي. ينطلق تانجيرو ليصبح قاتلاً متوحشاً بهدف الانتقام لعائلته والعثور على علاج لأخته.,228.45,1,openepg:saudiarabia2:MBC VARIETY.sa,https://www.open-epg.com/files/saudiarabia1.xml
Saudi Arabia,MBC Plus Variety HD.sa,MBC Plus Variety HD.sa,openepg,saudiarabia3,62,44.3,100.0,ديمون سلير: كيميتسو نو ييبا,‫م1 ، ح24 : ‬,228.45,1,openepg:saudiarabia4:MBC Plus Variety HD.sa,https://www.open-epg.com/files/saudiarabia3.xml
Egypt,OSN Ya Hala.eg,OSN Ya Hala.eg,openepg,egypt2,60,45.2,100.0,Baba Geh,"Hisham finds himself at a crossroads after being laid off from his job in a hotel, due to the coronavirus pandemic. However, he must find work and take care of his family under difficult circumstances.",227.8,0,,https://www.open-epg.com/files/egypt2.xml
Saudi Arabia,CN Arabic.sa,CN Arabic.sa,openepg,saudiarabia1,61,43.3,100.0,عالم غامبول العجيب والغريب:ذا بيرغر,مغامرات غامبول وأصدقائه في عالم غريب مليء بالمرح والمواقف الطريفة والمفاجآت الممتعة.,225.95,1,openepg:saudiarabia2:CN Arabic.sa,https://www.open-epg.com/files/saudiarabia1.xml
Saudi Arabia,TLC HD.sa,TLC HD.sa,openepg,saudiarabia5,61,43.3,100.0,90 Day Fiance: Happily Ever After?,90 Day Fiance: Happily Ever After?,225.95,2,openepg:saudiarabia1:TLC HD.sa;openepg:saudiarabia2:TLC HD.sa,https://www.open-epg.com/files/saudiarabia5.xml
Saudi Arabia,Cartoon Network Arabic.sa,Cartoon Network Arabic.sa,openepg,saudiarabia3,61,43.3,100.0,ذا وندرفلي ويرد ورلد أوف غامبول,‫‫عالم غامبول الغريب حيث تنثني قوانين الواقع، وتتحول فيه روابط العائلة ومغامرات الحياة اليومية إلى شيء استثنائي في بلدة إلمور غريبة الأطوار.‬‬,225.95,1,openepg:saudiarabia4:Cartoon Network Arabic.sa,https://www.open-epg.com/files/saudiarabia3.xml
Saudi Arabia,OSNtv Showcase.sa,OSNtv Showcase.sa,openepg,saudiarabia5,61,43.3,100.0,Curb Your Enthusiasm,Curb Your Enthusiasm,225.95,0,,https://www.open-epg.com/files/saudiarabia5.xml
Saudi Arabia,Fatafeat.sa,Fatafeat.sa,openepg,saudiarabia5,60,43.5,100.0,100 Lahma,100 Lahma,225.25,2,openepg:saudiarabia1:Fatafeat.sa;openepg:saudiarabia2:Fatafeat.sa,https://www.open-epg.com/files/saudiarabia5.xml
Saudi Arabia,MBC+ Drama HD.sa,MBC+ Drama HD.sa,openepg,saudiarabia1,60,43.0,100.0,شجر الحور:الحلقة 23,بعد أن يفارق والدهن الحياة، تجد ثلاث شقيقات أنفسهن في صراع من أجل البقاء وسط مجتمع ريفي يسوده الذكور.,224.5,6,openepg:saudiarabia1:MBC Drama HD.sa;openepg:saudiarabia3:MBC Drama HD.sa;openepg:saudiarabia5:MBC Drama.sa;openepg:saudiarabia2:MBC+ Drama HD.sa;openepg:saudiarabia2:MBC Drama HD.sa;openepg:saudiarabia4:MBC Drama HD.sa,https://www.open-epg.com/files/saudiarabia1.xml
Saudi Arabia,MBC Plus Drama HD.sa,MBC Plus Drama HD.sa,openepg,saudiarabia3,60,43.0,100.0,شجر الحور,‫م3 ، ح23 : ‫على ثلاث شقيقات اكتشاف كيفية التعامل مع رجل ثري في قريتهن، والذي يحاول الاستيلاء على أرضهن بعد وفاة والدهن.‬‬,224.5,1,openepg:saudiarabia4:MBC Plus Drama HD.sa,https://www.open-epg.com/files/saudiarabia3.xml
Saudi Arabia,Abu Dhabi TV HD.sa,Abu Dhabi TV HD.sa,openepg,saudiarabia5,58,43.8,100.0,Al-Mamarr,Al-Mamarr,223.7,4,openepg:saudiarabia1:Abu Dhabi.sa;openepg:saudiarabia3:Abu Dhabi TV HD.sa;openepg:saudiarabia2:Abu Dhabi.sa;openepg:saudiarabia4:Abu Dhabi TV HD.sa,https://www.open-epg.com/files/saudiarabia5.xml
Saudi Arabia,OSNtv Yahala.sa,OSNtv Yahala.sa,openepg,saudiarabia5,58,43.7,100.0,Baba Geh,Baba Geh,223.55,0,,https://www.open-epg.com/files/saudiarabia5.xml
Saudi Arabia,MBC Action HD.sa,MBC Action HD.sa,openepg,saudiarabia3,58,43.3,100.0,ذي إنسايد لاين,‫م8 ، ح671 : ‫يسلط الراوي الضوء على أبرز أداءات وإنجازات أفضل سائقي الفورمولا ١، كما يقدم آخر الأخبار والتطورات في عالم الفورمولا ١.‬‬,222.95,3,openepg:saudiarabia1:MBC Action HD.sa;openepg:saudiarabia2:MBC Action HD.sa;openepg:saudiarabia4:MBC Action HD.sa,https://www.open-epg.com/files/saudiarabia3.xml
Egypt,MBC Masr Drama.eg,MBC Masr Drama.eg,openepg,egypt2,55,45.3,100.0,Bain El Sotour,"Media personality Hind Salem tries to fast-track her career by seeking to host a well-known figure; however, she gets involved in a big case that reveals a lot about her past and the existence of an old love story with this celebrity.",222.95,0,,https://www.open-epg.com/files/egypt2.xml
Egypt,OSN TV Crime.eg,OSN TV Crime.eg,openepg,egypt2,54,45.2,100.0,TikTok: Murder Gone Viral,"The series explores true and unusual crime cases related to the world's fastest-growing social media platform, TikTok, following the stories of victims' families, friends, and the police.",221.8,0,,https://www.open-epg.com/files/egypt2.xml
Saudi Arabia,Animal Planet HD.sa,Animal Planet HD.sa,openepg,saudiarabia1,54,43.6,100.0,دكتور جيف: روكي ماونتن فيت:كلوز تو هوم,يمثل الدكتور البيطري (جيف يونغ) وفريقه الفرصة الوحيدة وربما الأمل الأخير بين الحياة والموت للحيوانات الأليفة والبرية.,219.4,2,openepg:saudiarabia2:Animal Planet HD.sa;openepg:saudiarabia5:Animal Planet HD.sa,https://www.open-epg.com/files/saudiarabia1.xml
Egypt,أو إس إن ياهلا.eg,أو إس إن ياهلا.eg,openepg,egypt1,56,42.0,100.0,بابا جه,يجد (هشام) نفسه في مفترق طرق بعد الاستغناء عنه من وظيفته بأحد الفنادق، بسبب جائحة كورونا، وعليه إيجاد عمل ورعاية أسرته في ظل ظروف صعبة، وتتوالى الأحداث.,219.0,0,,https://www.open-epg.com/files/egypt1.xml
Saudi Arabia,CN English.sa,CN English.sa,openepg,saudiarabia1,53,43.6,100.0,عالم غامبول الرائع:ذا فليكرز,ادخلوا إلى عالم غامبول المدهش، حيث يجتمع غامبول وصديقه داروين في مغامرات يومية مشوقة!,218.4,1,openepg:saudiarabia2:CN English.sa,https://www.open-epg.com/files/saudiarabia1.xml
Egypt,OSN TV Yahala Bil Arabi.eg,OSN TV Yahala Bil Arabi.eg,openepg,egypt2,53,45.6,96.2,Deep in Love,"A strong, independent woman lives on the Black Sea coast, facing daily challenges and internal conflicts. One day, a troubled man appears in her life. Their fates intertwine amidst sea storms, beginning a shared journey in which each reveals their strengths and weaknesses. Together, they learn the meaning of courage, love, and resilience in the face of adversity.",218.36,0,,https://www.open-epg.com/files/egypt2.xml
Saudi Arabia,Discovery HD.sa,Discovery HD.sa,openepg,saudiarabia1,53,43.3,100.0,هومستاد ريسكيو:غريزلي بيت,مفهوم العيش حياة بسيطة أصبح يحظى بشعبية متزايدة، ولكن العديد من القادمين الجدد إلى مناطق بعينها يصابون بخيبة أمل في البداية. في هذه السلسلة نتابع خبير الحياة مارتي راني يعلم ابنته ميستي وابنه مات المهارات الأساسية حول كيفية البقاء على قيد الحياة في أقسى الظروف.,217.95,2,openepg:saudiarabia2:Discovery HD.sa;openepg:saudiarabia5:Discovery Channel HD.sa,https://www.open-epg.com/files/saudiarabia1.xml
Saudi Arabia,Al Dafrah.sa,Al Dafrah.sa,openepg,saudiarabia1,52,43.8,100.0,التاسع من فبراير,مسلسل كويتي، دراما اجتماعية غنية بالأحداث غير المتوقعة! بطولة (إبراهيم الحربي)، رب الأسرة وطبيب ناجح، يجد نفسه يغرق في بحر من المشاكل لأسباب شتى، بسبب ظروف متنوعة أتت بها العواصف والمتغيرات. يحتاج أسرته لتلتف حوله وتسانده فيتجاوزها ويقف بوجهها، ويحافظ بالوقت نفسه على كيان الأسرة وعلى عمله.,217.7,1,openepg:saudiarabia2:Al Dafrah.sa,https://www.open-epg.com/files/saudiarabia1.xml
Saudi Arabia,Al Nahar TV.sa,Al Nahar TV.sa,openepg,saudiarabia3,52,43.3,100.0,دوس بنزين,‫‫يلقي المضيف الضوء على أحدث التقنيات والابتكارات في عالم المركبات، ويختبر مختلف السيارات لمراجعتها بالتفصيل.‬‬,216.95,3,openepg:saudiarabia1:Al Nahar.sa;openepg:saudiarabia4:Al Nahar TV.sa;openepg:saudiarabia2:Al Nahar.sa,https://www.open-epg.com/files/saudiarabia3.xml
Saudi Arabia,MBC Iraq HD.sa,MBC Iraq HD.sa,openepg,saudiarabia3,51,43.8,100.0,عودة خالتي,‫م1 ، ح6 : ‫تنشئ حميدة إمبراطورية أزياء بمفردها. لكن سعادتها لا تدوم طويلا عندما تعود لرعاية أبناء وبنات أختها المضطربين.‬‬,216.7,2,openepg:saudiarabia4:MBC Iraq HD.sa;openepg:saudiarabia5:MBC Iraq.sa,https://www.open-epg.com/files/saudiarabia3.xml
Saudi Arabia,Al Emarat.sa,Al Emarat.sa,openepg,saudiarabia1,51,43.3,100.0,جودر - ألف ليلة وليلة,ينسج خيال شهرزاد حكاية الصياد جودر، الذي يذهب في رحلة يصبح فيها حبيس عالم أسطوري، يعجَب شهريار بتفاصيله، فيصبح بدوره أسير الحكاية، ويعتق رقبتها من سيف مسرور لليلة تلو الأخرى، حتى تبلغ الليالي الواحدة بعد الألف.,215.95,1,openepg:saudiarabia2:Al Emarat.sa,https://www.open-epg.com/files/saudiarabia1.xml
Saudi Arabia,Ginx.sa,Ginx.sa,openepg,saudiarabia5,51,43.3,100.0,Shut Up And Play,Shut Up And Play,215.95,0,,https://www.open-epg.com/files/saudiarabia5.xml
Saudi Arabia,SBC.sa,SBC.sa,openepg,saudiarabia1,50,43.8,100.0,فيلم عربي,تابعوا أجمل أفلام السينما العربية الكلاسيكية والحديثة، واستمتعوا برؤية إبداعات نجوم التمثيل في العالم العربي.,215.7,1,openepg:saudiarabia2:SBC.sa,https://www.open-epg.com/files/saudiarabia1.xml
Saudi Arabia,OSNtv Yahala Bil Arabi.sa,OSNtv Yahala Bil Arabi.sa,openepg,saudiarabia5,51,43.1,100.0,Deep In Love,Deep In Love,215.65,0,,https://www.open-epg.com/files/saudiarabia5.xml
Saudi Arabia,Dubai TV HD.sa,Dubai TV HD.sa,openepg,saudiarabia5,50,43.3,100.0,Mohamad Sultan Al Fotohat,Mohamad Sultan Al Fotohat,214.95,2,openepg:saudiarabia1:Dubai.sa;openepg:saudiarabia2:Dubai.sa,https://www.open-epg.com/files/saudiarabia5.xml
Egypt,Rotana Drama.eg,Rotana Drama.eg,openepg,egypt2,46,45.8,100.0,Nasamat Ayloul,"Taking place in a Syrian rural village, the story deals with human relations, the concerns of countryside residents, the daily issues and problems of the youth and the elderly, and the various life challenges they face.",214.7,0,,https://www.open-epg.com/files/egypt2.xml
Egypt,Sada El Balad Drama.eg,Sada El Balad Drama.eg,openepg,egypt2,46,45.8,100.0,Rayya Wi Sekinnah,"The story of the lives of sisters Rayya and Sakina, two of the most famous criminals of the 20th century in Egypt as they terrified women and masterminded dozens of deaths. The series presents the circumstances that led them to becoming criminals and the impact of the environment on their future.",214.7,0,,https://www.open-epg.com/files/egypt2.xml
Egypt,إم بي سي مصر دراما.eg,إم بي سي مصر دراما.eg,openepg,egypt1,51,41.9,100.0,بين السطور,تحاول الإعلامية (هند سالم) التقدم أكثر في عملها عن طريق البحث عن استضافة شخص مشهور، إلا أنها بسبب ذلك تتورط في قضية كبيرة تكشف الكثير عن ماضيها وعن وجود قصة حب قديمة مع هذا الشخص.,213.85,0,,https://www.open-epg.com/files/egypt1.xml
Saudi Arabia,MBC Maser 2.sa,MBC Maser 2.sa,openepg,saudiarabia3,48,43.3,100.0,رياح الحب الموسمية,‫م5 ، ح7 : ‫يركز رجل الأعمال المتفائل رام على عائلته وعمله، إلى أن تتغير حياته بعد لقائه ببريا، التي تركها حبيبها.‬‬,212.95,1,openepg:saudiarabia4:MBC Maser 2.sa,https://www.open-epg.com/files/saudiarabia3.xml
Saudi Arabia,MBC Maser.sa,MBC Maser.sa,openepg,saudiarabia3,48,43.3,100.0,مسرح مصر,‫م2 ، ح9 : ‫يشارك نجوم ومواهب شابة في سلسلة من المسرحيات والمقاطع التمثيلية الكوميدية التي تتطرق للعديد من القضايا الاجتماعية التي تهم الشعب المصري.‬‬,212.95,1,openepg:saudiarabia4:MBC Maser.sa,https://www.open-epg.com/files/saudiarabia3.xml
Egypt,Nile Drama.eg,Nile Drama.eg,openepg,egypt2,46,45.8,97.8,Ze'ab Al-Gabal,"In a town called Bahtoon Al-Jabal where the Hawara family lives following many fanatic customs. Sheikh Badar breaks the customary traditions and marries his daughter to a man from outside of the family, prompting her brother to try to kill her.",212.94,0,,https://www.open-epg.com/files/egypt2.xml
Egypt,أو إس إن كرايم.eg,أو إس إن كرايم.eg,openepg,egypt1,50,41.9,100.0,TikTok: Murder Gone Viral,"يستكشف المسلسل قضايا الجرائم الحقيقية وغير العادية المرتبطة بأسرع منصة تواصل اجتماعي في العالم، وهي ""تيك توك""، حيث تتبع الأحداث قصص عائلات الضحايا وأصدقائهم والشرطة.",212.85,0,,https://www.open-epg.com/files/egypt1.xml
Egypt,أو إس إن ياهلا بالعربي.eg,أو إس إن ياهلا بالعربي.eg,openepg,egypt1,49,42.3,100.0,Deep in Love,تعيش امرأة قوية ومستقلة على ساحل البحر الأسود، تواجه حياتها تحديات يومية وصراعات داخلية، في يوم من الأيام، يظهر رجل مضطرب في حياتها، تتشابك مصائرهما وسط العواصف البحرية، لتبدأ رحلة مشتركة تكشف فيها كل منهما نقاط ضعفه وقوته، ويتعلمان معًا معنى الشجاعة والحب والصمود في مواجهة الصعاب.,212.45,0,,https://www.open-epg.com/files/egypt1.xml
Saudi Arabia,MBC MASR 2.sa,MBC MASR 2.sa,openepg,saudiarabia1,47,43.3,100.0,رياح الحب الموسمية:الحلقة 7,تنحدر (بريا) من الطبقة الوسطى، وتعمل كمدرسة، وهي لا تؤمن بالحب ولا تعترف به، وعلى العكس تماماً يؤمن (رام) رجل الأعمال بالحب، ويشعر بالحزن الشديد بسبب فشل ارتباطه السابق. ماذا سيحدث عندما يجمع القدر هذا الثنائي المختلف تماما في طريقة التفكير والمنزلة الاجتماعية؟,211.95,1,openepg:saudiarabia2:MBC MASR 2.sa,https://www.open-epg.com/files/saudiarabia1.xml
Saudi Arabia,Al Hayat.sa,Al Hayat.sa,openepg,saudiarabia1,44,43.8,100.0,الحياة,قناة مصرية متنوعة تبث برامج ترفيهية ومسلسلات متنوعة وحوارات شيقة تتناول الاقتصاد والسياسة وآخر المستجدات على الساحة المصرية والعربية.,209.7,1,openepg:saudiarabia2:Al Hayat.sa,https://www.open-epg.com/files/saudiarabia1.xml
Saudi Arabia,Al Kahera Walnas 2.sa,Al Kahera Walnas 2.sa,openepg,saudiarabia1,44,43.8,100.0,القاهرة والناس 2,ترفيه مستمر لا يتوقف، تشاهدوه فقط على قناة القاهرة والناس 2.,209.7,1,openepg:saudiarabia2:Al Kahera Walnas 2.sa,https://www.open-epg.com/files/saudiarabia1.xml
Saudi Arabia,Al Kahera Walnas.sa,Al Kahera Walnas.sa,openepg,saudiarabia1,44,43.8,100.0,القاهرة والناس,ترفيه مستمر لا يتوقف، تشاهدوه فقط على قناة القاهرة والناس.,209.7,1,openepg:saudiarabia2:Al Kahera Walnas.sa,https://www.open-epg.com/files/saudiarabia1.xml
Saudi Arabia,CBC Drama.sa,CBC Drama.sa,openepg,saudiarabia1,44,43.8,100.0,CBC دراما,تقدم القناة مجموعة مختارة من المسلسلات الدرامية التركية والمصرية الجديدة والكلاسيكية.,209.7,1,openepg:saudiarabia2:CBC Drama.sa,https://www.open-epg.com/files/saudiarabia1.xml
Saudi Arabia,CBC.sa,CBC.sa,openepg,saudiarabia1,44,43.8,100.0,CBC,قناة ترفيهية معاصرة تقدم مزيجاً من المسلسلات الدرامية والبرامج الحوارية.,209.7,1,openepg:saudiarabia2:CBC.sa,https://www.open-epg.com/files/saudiarabia1.xml
Saudi Arabia,Fujairah TV.sa,Fujairah TV.sa,openepg,saudiarabia1,44,43.8,100.0,الفجيرة,تعكس القناة تراث إمارة الفجيرة العريقة وحاضرها المزدهر، حيث تقدم محتوى ثري ومتنوع وتغطي الأخبار المحلية، الثقافة، الرياضة، التكنولوجيا والتقنية وغيرها الكثير.,209.7,1,openepg:saudiarabia2:Fujairah TV.sa,https://www.open-epg.com/files/saudiarabia1.xml
Saudi Arabia,Jordan TV.sa,Jordan TV.sa,openepg,saudiarabia1,44,43.8,100.0,التلفزيون الأردني,تركز القناة على تقديم إعلام وطني هادف يكرّس حرية التعبير والرأي، كما تروّج للقيم الأردنية المتمثلة في التسامح والاعتدال والتعددية والمحافظة على الهوية الأردنية.,209.7,1,openepg:saudiarabia2:Jordan TV.sa,https://www.open-epg.com/files/saudiarabia1.xml
Saudi Arabia,MBC 1 HD.sa,MBC 1 HD.sa,openepg,saudiarabia1,44,43.8,100.0,اللقاء من الصفر:الحلقة 10,برنامج اجتماعي يسرد قصة أشخاص مشهورين وناجحين بدأوا مشوارهم من الصفر... يختصر لنا البرنامج المشهد المحلي والبعد الإقليمي ويثبت لنا كم لدينا من الرجال والنساء الذين خدموا وكافحوا للوصول من الصفر إلى ما هم عليه الآن.,209.7,4,openepg:saudiarabia3:MBC 1 HD.sa;openepg:saudiarabia5:MBC 1.sa;openepg:saudiarabia2:MBC 1 HD.sa;openepg:saudiarabia4:MBC 1 HD.sa,https://www.open-epg.com/files/saudiarabia1.xml
Saudi Arabia,One TV.sa,One TV.sa,openepg,saudiarabia1,44,43.8,100.0,One TV,قناة موسيقية عربية تعرض مجموعة متنوعة من الأغاني الكلاسيكية والحديثة المتميزة.,209.7,1,openepg:saudiarabia2:One TV.sa,https://www.open-epg.com/files/saudiarabia1.xml
Saudi Arabia,Rotana Clip.sa,Rotana Clip.sa,openepg,saudiarabia1,44,43.8,100.0,أغاني وڤيديو كليب,مجموعة منتقاة من الأغاني العربية المميزة.,209.7,1,openepg:saudiarabia2:Rotana Clip.sa,https://www.open-epg.com/files/saudiarabia1.xml
Saudi Arabia,Rotana Drama HD.sa,Rotana Drama HD.sa,openepg,saudiarabia1,44,43.8,100.0,نسمات أيلول:الحلقة 9,دراما بنكهة كوميدية عن أم فواز، جدة تبلغ من العمر سبعين عاماً تعيش وسط تحديات وصراعات تنشأ بين أولادها المختلفين مزاجياً، خاصة بعد عودة ابنتها المتسلطة.,209.7,1,openepg:saudiarabia2:Rotana Drama HD.sa,https://www.open-epg.com/files/saudiarabia1.xml
Saudi Arabia,Rotana M+ HD.sa,Rotana M+ HD.sa,openepg,saudiarabia1,44,43.8,100.0,روتانا M+ HD,تقدم القناة أقوى وأشهر الأغاني من حول العالم، والتي تناسب جميع محبي الموسيقى.,209.7,1,openepg:saudiarabia2:Rotana M+ HD.sa,https://www.open-epg.com/files/saudiarabia1.xml
Saudi Arabia,Rotana Music HD.sa,Rotana Music HD.sa,openepg,saudiarabia1,44,43.8,100.0,موسيقى,مجموعة مختارة بعناية من الموسيقى والڤيديو كليب والحفلات الغنائية المتميزة.,209.7,1,openepg:saudiarabia2:Rotana Music HD.sa,https://www.open-epg.com/files/saudiarabia1.xml
Saudi Arabia,Roya.sa,Roya.sa,openepg,saudiarabia1,44,43.8,100.0,رؤيا,قناة تلفزيونية تتواصل مع المجتمع من خلال دورة برامجية تخاطب الشباب وكامل أفراد الأسرة لتكون الخيار الأول للمعلومات والبرامج الترفيهية ترضي أذواقهم جميعاً.,209.7,2,openepg:saudiarabia5:Roya TV HD.sa;openepg:saudiarabia2:Roya.sa,https://www.open-epg.com/files/saudiarabia1.xml
Saudi Arabia,Sharjah TV.sa,Sharjah TV.sa,openepg,saudiarabia1,44,43.8,100.0,الشارقة,تقدم القناة سلسلة من البرامج المتنوعة تتناول القضايا الاجتماعية والسياسية والثقافية والترفيهية في آن معاً.,209.7,1,openepg:saudiarabia2:Sharjah TV.sa,https://www.open-epg.com/files/saudiarabia1.xml
Saudi Arabia,Ten.sa,Ten.sa,openepg,saudiarabia1,44,43.8,100.0,TeN,قناة TeN عامة مصرية تقدم قوالب برامجية مختلفة ومتنوعة، تجمع بين الحوار والرأي والخبر.,209.7,1,openepg:saudiarabia2:Ten.sa,https://www.open-epg.com/files/saudiarabia1.xml
Saudi Arabia,MCM TOP.sa,MCM TOP.sa,openepg,saudiarabia5,44,43.8,100.0,Top Mix,Top Mix,209.7,0,,https://www.open-epg.com/files/saudiarabia5.xml
Saudi Arabia,RFM TV.sa,RFM TV.sa,openepg,saudiarabia5,44,43.8,100.0,RFM Hits,RFM Hits,209.7,0,,https://www.open-epg.com/files/saudiarabia5.xml
Saudi Arabia,OSNtv Mezze.sa,OSNtv Mezze.sa,openepg,saudiarabia5,44,43.6,100.0,Hell's Kitchen,Hell's Kitchen,209.4,0,,https://www.open-epg.com/files/saudiarabia5.xml
Saudi Arabia,Rotana + HD.sa,Rotana + HD.sa,openepg,saudiarabia1,44,43.5,100.0,في الإطار:الحلقة 13,بلال العربي يأخذكم في جولة على أهم الفعاليات الفنية في عالم الترفيه، يتخللها لقاءات خفيفة الظل مع أشهر الفنانين في العالم العربي.,209.25,1,openepg:saudiarabia2:Rotana + HD.sa,https://www.open-epg.com/files/saudiarabia1.xml
Saudi Arabia,Discovery ID.sa,Discovery ID.sa,openepg,saudiarabia1,44,43.3,100.0,الوحش الأمريكي:صورة عائلية,يمكن للقتلة والمجرمين أن يختبؤوا خلف قناع الابتسامة الجميلة، ويحتمل أن يتواجدوا ضمن أي شارع في الولايات المتحدة الأمريكية. لقطات فيديو تعرض للمرة الأولى تنظر مباشرة في أعين المجرمين الذين يختبؤون في الظلام.,208.95,1,openepg:saudiarabia2:Discovery ID.sa,https://www.open-epg.com/files/saudiarabia1.xml
Saudi Arabia,Zee Alwan.sa,Zee Alwan.sa,openepg,saudiarabia1,43,43.8,100.0,حياة قلبي,دراما مستوحاة من المسلسل الشعبي كومكوم باجا، وتتابع قصة الشقيقتين بريتا وشريشتي اللتين تنتقلان إلى مومباي بعد وفاة والدهما، لتكتشفا أنهما ضاعتا من والدتهما سارلا أرورا منذ زمن طويل.,208.7,1,openepg:saudiarabia2:Zee Alwan.sa,https://www.open-epg.com/files/saudiarabia1.xml
Egypt,Zee alwan.eg,Zee alwan.eg,openepg,egypt2,46,45.8,91.3,مسلسل,,207.74,0,,https://www.open-epg.com/files/egypt2.xml
Saudi Arabia,AD Sports Premium 1.sa,AD Sports Premium 1.sa,openepg,saudiarabia1,42,43.8,100.0,الدوري الإيطالي:بولونيا × تورينو,ترقّبوا منافسات الدوري الإيطالي لكرة القدم Serie A، حيث تتصارع أعرق الأندية على لقب السكوديتو، والمقاعد الأوروبية، فيما تخوض فرق أخرى معركة البقاء وتفادي الهبوط.,207.7,1,openepg:saudiarabia2:AD Sports Premium 1.sa,https://www.open-epg.com/files/saudiarabia1.xml
Saudi Arabia,Al Arabiya Business.sa,Al Arabiya Business.sa,openepg,saudiarabia1,42,43.8,100.0,العربية Business,تقدم لكم القناة آخر أخبار المال والأعمال من جميع أنحاء العالم.,207.7,1,openepg:saudiarabia2:Al Arabiya Business.sa,https://www.open-epg.com/files/saudiarabia1.xml
Saudi Arabia,Saudi Sports 1.sa,Saudi Sports 1.sa,openepg,saudiarabia1,42,43.8,100.0,أهلا بالخليج,برنامج رياضي يواكب أجواء كأس الخليج، ويقدم أبرز الأخبار والتغطيات واللقاءات، مع متابعة مستجدات المنتخبات وأهم أحداث ومنافسات البطولة.,207.7,1,openepg:saudiarabia2:Saudi Sports 1.sa,https://www.open-epg.com/files/saudiarabia1.xml
Egypt,OSN TV One.eg,OSN TV One.eg,openepg,egypt2,55,45.5,80.0,Revolution S2,"In Season 2, Rachel unexpectedly encounters a memory from her past, while Neville and Jason find themselves embarking on a grueling search for Julia inside a refugee camp.",207.25,0,,https://www.open-epg.com/files/egypt2.xml
Saudi Arabia,MBC Bollywood.sa,MBC Bollywood.sa,openepg,saudiarabia1,40,44.8,100.0,أمنية وإن تحققت:الحلقة 902,يُفرض على أكشارا ونايتيكي زواجاً تقليدياً في مجتمع مليء بالنفاق. يكافحان لفهم بعضهما البعض وإنجاح هذا الزواج، لكن العراقيل تتصدى لهما بالمرصاد.,207.2,3,openepg:saudiarabia3:MBC Bollywood.sa;openepg:saudiarabia2:MBC Bollywood.sa;openepg:saudiarabia4:MBC Bollywood.sa,https://www.open-epg.com/files/saudiarabia1.xml
Egypt,أو إس إن وان.eg,أو إس إن وان.eg,openepg,egypt1,51,42.2,90.2,Revolution S2,في الموسم الثاني، تواجه (راشيل) بشكل غير متوقع ذكرى من ماضيها، بينما يجد (نيفيول) و(جايسون) نفسيهما يشرعان في عملية بحث شاقة عن (جوليا) داخل مخيم للاجئين.,206.46,0,,https://www.open-epg.com/files/egypt1.xml
Saudi Arabia,AD Sports 1.sa,AD Sports 1.sa,openepg,saudiarabia1,40,43.8,100.0,مؤتمر صحفي:منتخب البحرين,تابعوا هذا المؤتمر الصحفي الخاص.,205.7,2,openepg:saudiarabia2:AD Sports 1.sa;openepg:saudiarabia5:AD Sports 1 HD.sa,https://www.open-epg.com/files/saudiarabia1.xml
Saudi Arabia,MBC Plus eLife HD.sa,MBC Plus eLife HD.sa,openepg,saudiarabia3,41,42.9,100.0,من ديرة لديرة,‫م1 ، ح6 : ‫يشرع فريق التقديم في مهمة لاستكشاف مختلف أجزاء المملكة العربية السعودية والتعرف على ثقافتها وتراثها الغني، أثناء قيامهما باستعراض الأطباق المحلية الفريدة التي تميز كل منطقة.‬‬,205.35,1,openepg:saudiarabia4:MBC Plus eLife HD.sa,https://www.open-epg.com/files/saudiarabia3.xml
Egypt,روتانا دراما.eg,روتانا دراما.eg,openepg,egypt1,42,41.8,100.0,نسمات أيلول,تدور أحداث المسلسل في إحدى القرى الريفية السورية، ويتناول العلاقات الإنسانية وهموم سكان الريف، والقضايا والمشكلات اليومية للشباب وكبار السن وما يواجهونه من تحديات حياتية مختلفة، في إطار كوميدي خفيف.,204.7,0,,https://www.open-epg.com/files/egypt1.xml
Egypt,صدى البلد دراما.eg,صدى البلد دراما.eg,openepg,egypt1,42,41.8,100.0,ريا وسكينة,قصة حياة الأختين (ريا) و(سكينة)، وهما من أشهر مجرمات القرن العشرين في مصر. روعتا النساء في مطلع القرن وكانتا وراء مقتل العشرات، ويعرض المسلسل الظروف التي أدت إلى تحول الأختين ريا وسكينة إلى مجرمتين مستعرضًا تطورات حياتهما وصلتهما بالمحيطين بهما، وتأثير البيئة التي نشأت فيها الأختان على مستقبلهما.,204.7,0,,https://www.open-epg.com/files/egypt1.xml
Saudi Arabia,AD Sports Premium 2.sa,AD Sports Premium 2.sa,openepg,saudiarabia1,39,43.8,100.0,مجلة الدوري الإيطالي:خاص بفترة التوقف الدولي,لا تفوتوا أهم تحليلات المباريات مع الخبراء الفنيين والمحللين الرياضيين، بالإضافة إلى معرفة آراء اللاعبين والمدربين... وأهم الأخبار الكروية وأروع الأهداف خلال الموسم.,204.7,1,openepg:saudiarabia2:AD Sports Premium 2.sa,https://www.open-epg.com/files/saudiarabia1.xml
Saudi Arabia,Rotana Khalijia HD.sa,Rotana Khalijia HD.sa,openepg,saudiarabia1,39,43.8,100.0,قطع وريد:الحلقة 25,سوزي تخبر رندة أن رياض هو من أخبر طلال أن والده هو القاتل، ورندة تزداد شكوكها حول رياض الذي يبحث عن سوزي للتخلص منها.,204.7,1,openepg:saudiarabia2:Rotana Khalijia HD.sa,https://www.open-epg.com/files/saudiarabia1.xml
Egypt,Oman.eg,Oman.eg,openepg,egypt2,89,45.8,32.6,برنامج سكني,,203.78,0,,https://www.open-epg.com/files/egypt2.xml
Saudi Arabia,AD Sports 2.sa,AD Sports 2.sa,openepg,saudiarabia1,38,43.8,100.0,بطولة طواف العالم للدراجات على الطريق:سباق الطريق للرجال تحت 23 سنة,ترقبوا مشاهدة بطولة طواف العالم للدراجات على الطريق.,203.7,1,openepg:saudiarabia2:AD Sports 2.sa,https://www.open-epg.com/files/saudiarabia1.xml
Saudi Arabia,LBC.sa,LBC.sa,openepg,saudiarabia1,36,44.8,100.0,قلب أمه,يصاب مجدي تختوخ، زعيم عصابة كبيرة، بإصابات بالغة يُنقل على إثرها للمستشفى، ليخضع لعملية زرع قلب من والدة يونس المتوفاة. تبدأ بعدها المواقف الكوميدية بين يونس وقلب أمه الذي زُرع في صدر تختوخ. بطولة شيكو وهشام ماجد، للمخرج عمرو صلاح.,203.2,1,openepg:saudiarabia2:LBC.sa,https://www.open-epg.com/files/saudiarabia1.xml
Egypt,نايل دراما.eg,نايل دراما.eg,openepg,egypt1,42,41.8,97.6,ذئاب الجبل,في بلدة تسمى بهتون الجبل التي يعيش فيها عائلة هوارة التي تلتزم بالعديد من العادات والتقاليد المتعصبة، والتي قام فيها الشيخ بدار بكسر العادات المتعارف عليها وقام بتزويج ابنته إلى رجل غريب عن العائلة، مما يدفع شقيقها لأن يحاول قتلها.,202.78,0,,https://www.open-epg.com/files/egypt1.xml
Saudi Arabia,MBC MASR.sa,MBC MASR.sa,openepg,saudiarabia1,37,43.1,100.0,مسرح مصر:الحلقة 9,سلسلة من المسرحيات التي يشارك فيها كبار النجوم بصحبة مواهب شابة جديدة، تحاكي قضايا اجتماعية بقالب كوميدي.,201.65,2,openepg:saudiarabia2:MBC MASR.sa;openepg:saudiarabia5:MBC Masr.sa,https://www.open-epg.com/files/saudiarabia1.xml
Egypt,أو إس إن شو كايس.eg,أو إس إن شو كايس.eg,openepg,egypt1,48,35.3,100.0,Curb Your Enthusiasm S2,في هذ الجزء الثاني، يحاول لاري ديفيد مشروعًا تلفزيونيًا جديدًا، ولكن تتعقد خططه في كل مرة يجلس فيها مع المنتجين بسبب أسلوبه السيء والحاد في التعامل معهم.,200.95,0,,https://www.open-epg.com/files/egypt1.xml
Saudi Arabia,Dubai Sports HD.sa,Dubai Sports HD.sa,openepg,saudiarabia1,35,43.8,100.0,أخبار الرياضة,تغطية لآخر وأهم الأخبار والأحداث الرياضية في المنطقة والعالم.,200.7,1,openepg:saudiarabia2:Dubai Sports HD.sa,https://www.open-epg.com/files/saudiarabia1.xml
Egypt,عمان.eg,عمان.eg,openepg,egypt1,82,42.3,43.9,برنامج سكني,,200.57,0,,https://www.open-epg.com/files/egypt1.xml
Saudi Arabia,Dubai Sports 2.sa,Dubai Sports 2.sa,openepg,saudiarabia1,35,43.3,100.0,سلسلة كأس ناسكار سبرينت:واوا 250 برعاية كوكا كولا - دايتونا إنت...,تابعوا المتعة والحماس وآخر فعاليات سباق السيارات لكأس ناسكار سبرينت.,199.95,1,openepg:saudiarabia2:Dubai Sports 2.sa,https://www.open-epg.com/files/saudiarabia1.xml
Egypt,آي فيلم.eg,آي فيلم.eg,openepg,egypt1,37,41.8,100.0,أربع شقق,تدور أحداث المسلسل في قالب من الكوميديا حول الزوجان منصور وشكوه، واللذان يعيشان برفقة بناتهما باﻹضافة إلى زوج ابنتهما حامد، وتتولد بينهم العديد من المواقف الكوميدية.,199.7,0,,https://www.open-epg.com/files/egypt1.xml
Egypt,Saudiya TV.eg,Saudiya TV.eg,openepg,egypt2,65,45.8,56.9,برنامج ابتكارات المملكة,,199.22,0,,https://www.open-epg.com/files/egypt2.xml
Saudi Arabia,MBC 2 HD.sa,MBC 2 HD.sa,openepg,saudiarabia1,32,44.8,100.0,باسيفيك ريم,بدأت جحافل الكائنات المتوحشة (كيجو) تظهر على سطح البحر، ومعها تبدأ الحرب التي ستحصد ملايين الأرواح وتستهلك موارد البشرية جمعاء لسنوات. لإنقاذ العالم من الكارثة يتم ابتكار نوعين خاصين من سلاح فتّاك عبارة عن أدوات خاصة بقيادة قبطانين اثنين يكونا العتاد الأخير في وجه تعاظم خطر حرب فاصلة كبرى!,199.2,3,openepg:saudiarabia3:MBC 2 HD.sa;openepg:saudiarabia2:MBC 2 HD.sa;openepg:saudiarabia4:MBC 2 HD.sa,https://www.open-epg.com/files/saudiarabia1.xml
Egypt,LTV.eg,LTV.eg,openepg,egypt2,46,45.8,80.4,Nabd,"A tragic drama revolving around social issues, money and business relationships, various love stories and other issues.",199.02,0,,https://www.open-epg.com/files/egypt2.xml
Saudi Arabia,Al Nahar Drama.sa,Al Nahar Drama.sa,openepg,saudiarabia1,33,43.8,100.0,اتهام,فتاة فقيرة يُعرض عليها عمل خارج البلد براتب جيد جداً، ما تلبث أن تكتشف أنها ضحية لعملية خداع، ثم تعاني الأمرّين لتهرب من هناك بمساعدة محام مختص. تستعد الشابة الآن للانتقام من أولئك الذين كانوا السبب في تدمير سمعتها. لا تفوتوه!,198.7,3,openepg:saudiarabia3:Al Nahar Drama.sa;openepg:saudiarabia2:Al Nahar Drama.sa;openepg:saudiarabia4:Al Nahar Drama.sa,https://www.open-epg.com/files/saudiarabia1.xml
Saudi Arabia,Dubai One.sa,Dubai One.sa,openepg,saudiarabia1,33,43.8,100.0,كِيووس ووكينغ,يلتقي شاب في عالم ديستوبي بفتاة غامضة تهبط على كوكبه، حيث تُسمع كل الأفكار كـ”ضجيج“. ويهربان معًا من قائد قاسٍ يسعى للسيطرة على عقولهم وإسكات الحقيقة.,198.7,1,openepg:saudiarabia2:Dubai One.sa,https://www.open-epg.com/files/saudiarabia1.xml
Saudi Arabia,MBC Max HD.sa,MBC Max HD.sa,openepg,saudiarabia1,31,44.8,100.0,تيكن 3,بعد أن تم توريطه في جريمة قتل زوجته السابقة، ينطلق برايان ميلز في مهمة لا هوادة فيها للقبض على القتلة الحقيقيين.,198.2,3,openepg:saudiarabia3:MBC Max HD.sa;openepg:saudiarabia2:MBC Max HD.sa;openepg:saudiarabia4:MBC Max HD.sa,https://www.open-epg.com/files/saudiarabia1.xml
Egypt,iFILM TV.eg,iFILM TV.eg,openepg,egypt2,41,45.8,85.4,Char Khooneh,"The couple Mansour and Shokouh live with their daughters and their daughter’s husband, while many comedic situations arise between them.",198.02,0,,https://www.open-epg.com/files/egypt2.xml
Egypt,Osn Ya Hala Aflam.eg,Osn Ya Hala Aflam.eg,openepg,egypt2,28,46.4,100.0,The Goat,"After being forced to marry an older man, 11-year-old Hadyia runs away and sets out across the desert with a goat in search of a new beginning away from the troubles of her village.",197.6,0,,https://www.open-epg.com/files/egypt2.xml
Egypt,OSN TV Showcase.eg,OSN TV Showcase.eg,openepg,egypt2,48,35.3,95.8,Curb Your Enthusiasm S2,"Larry reunites with some of the Seinfeld cast members in an attempt to launch a new series based on their experiences in the aftermath of the show's ending, but their attempts to convince a netwrok to produce it run into unforeseen complications.",197.59,0,,https://www.open-epg.com/files/egypt2.xml
Egypt,زي ألوان.eg,زي ألوان.eg,openepg,egypt1,42,41.8,90.5,مسلسل,,197.1,0,,https://www.open-epg.com/files/egypt1.xml
Saudi Arabia,Rotana Classic HD.sa,Rotana Classic HD.sa,openepg,saudiarabia1,31,43.8,100.0,شاطىء المرح,في هذا الفيلم الرومانسي بطولة نجاة الصغيرة وحسن يوسف، يُطلب من شاب الاعتناء بابنة رئيسه في أثناء وجوده في الخاارج. ينتهي بهم الأمر بالوقوع في الحب، ما يخلق مشاكل كبيرة في حياتهم طولاً وعرضاً.,196.7,1,openepg:saudiarabia2:Rotana Classic HD.sa,https://www.open-epg.com/files/saudiarabia1.xml
Saudi Arabia,Abu Dhabi Sports 1 HD.sa,Abu Dhabi Sports 1 HD.sa,openepg,saudiarabia3,30,44.3,100.0,توينتي سفنث عرب غلف كب ٢٠٢٦ برس كونفرنس,‫‫يعقد رياضيون ومسؤولون مؤتمرا صحفيا للإجابة على عدد من الأسئلة فيما يتعلق بمجريات النسخة السابعة والعشرين من كأس الخليج العربي لعام ٢٠٢٦ واستعدادات وأداء الفرق.‬‬,196.45,1,openepg:saudiarabia4:Abu Dhabi Sports 1 HD.sa,https://www.open-epg.com/files/saudiarabia3.xml
Saudi Arabia,OSNtv Yahala Aflam.sa,OSNtv Yahala Aflam.sa,openepg,saudiarabia5,29,44.7,100.0,El Anza AKA The Goat,El Anza AKA The Goat,196.05,0,,https://www.open-epg.com/files/saudiarabia5.xml
Egypt,OSN TV Movies Hollywood.eg,OSN TV Movies Hollywood.eg,openepg,egypt2,26,46.4,100.0,Song One,"Franny is a young anthropologist studying Bedouin tribes in Morocco for her PhD. She rushes back to New York when she hears that her brother is in the hospital. While in grief, she meets a musician who's also in grief for her brother.",195.6,0,,https://www.open-epg.com/files/egypt2.xml
Egypt,Mix ONE.eg,Mix ONE.eg,openepg,egypt2,42,45.8,81.0,Sen Anlat Karadeniz,"Forced to marry Vedat who abuses and tortures her, Nefes decides to run away with her son, using Tahir's car. Pitying her tragic life, Tahir decides to help take Nefes out of her misery.",195.5,0,,https://www.open-epg.com/files/egypt2.xml
Egypt,Al Dafrah.eg,Al Dafrah.eg,openepg,egypt2,49,45.8,71.4,El-Taseea Min Febrayer,A father who works as a doctor finds himself surrounded by many problems that require him to overcome them in order to save his family.,194.82,0,,https://www.open-epg.com/files/egypt2.xml
Egypt,Rotana Cinema Masr.eg,Rotana Cinema Masr.eg,openepg,egypt2,24,46.8,100.0,Shantet Hamza,A professional con man (Hamada Hilal) falls in love with a powerful woman who used to work for an infamous con gang.,194.2,0,,https://www.open-epg.com/files/egypt2.xml
Egypt,OSN TV Movies Premiere.eg,OSN TV Movies Premiere.eg,openepg,egypt2,26,45.4,100.0,Zack Snyder's Justice League,Bruce Wayne sets out on a mission to assemble a team of super warriors in order to save the planet from the impending doom brought by the tyrannical ruler Darkseid and his army of Parademons.,194.1,0,,https://www.open-epg.com/files/egypt2.xml
Egypt,OSN TV Movies Action.eg,OSN TV Movies Action.eg,openepg,egypt2,24,46.7,100.0,The Matrix,"In the near future, a computer hacker named Neo discovers that all life on Earth may be nothing more than a virtual reality created by cyber-intelligence, for the purpose of detaching us while our real purpose is to secretly fuel the ""Matrix"". He joins Rebel warriors Morpheus and Trinity in their struggle to overthrow the Matrix.",194.05,0,,https://www.open-epg.com/files/egypt2.xml
Saudi Arabia,Rotana Aflam +.sa,Rotana Aflam +.sa,openepg,saudiarabia1,28,43.8,100.0,وجدة,"فتاة اسمها وجدة، من طبقة متوسطة، والدها موظف في شركة بترول وغائب معظم الوقت، ووالدتها موظفة تعاني يومياً من سائقها الوافد. حلم وجدة امتلاك دراجة خضراء معروضة في المتجر، لتتسابق مع جارها الطفل في ""الحارة"". تحاول جمع المال بدون فائدة.. فهل يصبح حلمها حقيقة عبر فوزها بمسابقة حفظ القرآن؟",193.7,1,openepg:saudiarabia2:Rotana Aflam +.sa,https://www.open-epg.com/files/saudiarabia1.xml
Egypt,OSN TV Movies Family.eg,OSN TV Movies Family.eg,openepg,egypt2,24,46.4,100.0,The Grinch,"A grumpy Grinch leading a solitary life with his dog is annoyed when the neighboring city of Whoville decides to throw brighter, larger, and more cheerful celebrations. He hatches a scheme to ruin their festivities, but his nefarious plan collides with a cheerful plan of a cheerful young girl.",193.6,0,,https://www.open-epg.com/files/egypt2.xml
Saudi Arabia,Rotana Cinema + US.sa,Rotana Cinema + US.sa,openepg,saudiarabia1,27,44.3,100.0,نور عيني,أحمد يدرس الموسيقى في إحدى المدارس المتخصصة. يكتشف أستاذه جمال صوته فيدعوه للمشاركة بالغناء. يسافر إلى دولة أوروبية وهناك يتعرف على فتاة كفيفة ويقع في غرامها، وعندما عودتهما معاً إلى مصر، تنتظره مفاجأة تخصهما معاً وطرف ثالث؟! حب ورومانسية مغلفة بلمسة إنسانية، تابعوه,193.45,1,openepg:saudiarabia2:Rotana Cinema + US.sa,https://www.open-epg.com/files/saudiarabia1.xml
Saudi Arabia,Abu Dhabi Sports 2 HD.sa,Abu Dhabi Sports 2 HD.sa,openepg,saudiarabia3,25,45.4,100.0,سبورتس بروغرام,‫‬,193.1,1,openepg:saudiarabia4:Abu Dhabi Sports 2 HD.sa,https://www.open-epg.com/files/saudiarabia3.xml
Egypt,Maspero Zaman.eg,Maspero Zaman.eg,openepg,egypt2,61,45.8,54.1,Lessa Faker,"Presented by media personality Nihal Kamal, who, in the episodes, hosts the stars of the artistic community, reviewing their lives and their artistic and professional careers, reminding them of the works in which they participated.",192.98,0,,https://www.open-epg.com/files/egypt2.xml
Egypt,ميكس بالعربي.eg,ميكس بالعربي.eg,openepg,egypt1,40,41.8,87.5,فاطمة ج2,تدور الأحداث في إطار درامي، حيث تبدأ أحداث الموسم بلحظة الحكم على المعتدين في المحكمة، فتتذكر فاطمة أحداث تلك الليلة الأليمة التي مرت بها بكامل تفاصليها.,192.7,0,,https://www.open-epg.com/files/egypt1.xml
Egypt,Cima.eg,Cima.eg,openepg,egypt2,23,45.8,100.0,La Todamerny Ma'ak,"A successful bank manager is wrongfully accused of prostitution and the prosecutor shows her no mercy. After spending years in utter darkness in prison, she vows revenge on those who have wronged her, starting with the prosecutor.",191.7,0,,https://www.open-epg.com/files/egypt2.xml
Egypt,Rotana Cinema.eg,Rotana Cinema.eg,openepg,egypt2,23,45.8,100.0,Alta'awitha,"A family of a man, his wife, their son, the mother of the husband and his two sisters, all live together in the old family home. A businessman offers them to buy the house and the children refuse, then a series of strange events start to happen and events escalate.",191.7,0,,https://www.open-epg.com/files/egypt2.xml
Egypt,Rotana Comedy.eg,Rotana Comedy.eg,openepg,egypt2,23,45.8,100.0,Locandet El Fardous,"Abdul Mutajali Sulait, a teacher from the village, goes to El Fardos Hotel after he was not welcomed by Attia Al Shalshlamouni, his wife Shafiqa, and his four daughters, whom he treats firmly and forcefully. Meanwhile, Samiha, Attia’s neighbor, constantly quarrels with her husband Masoud because of her jealousy over him and thinks that he is in a relationship with another.",191.7,0,,https://www.open-epg.com/files/egypt2.xml
Saudi Arabia,OSNtv Movies Hollywood.sa,OSNtv Movies Hollywood.sa,openepg,saudiarabia5,25,44.2,100.0,Song One,Song One,191.3,0,,https://www.open-epg.com/files/saudiarabia5.xml
Egypt,Mix Bel Araby.eg,Mix Bel Araby.eg,openepg,egypt2,44,45.8,72.7,What Is Fatmagul's Fault? S2,"The season's events begin with the moment the attackers are sentenced in court, and Fatima recalls the events of that painful night in all its details.",190.86,0,,https://www.open-epg.com/files/egypt2.xml
Saudi Arabia,Rotana Cinema Masr.sa,Rotana Cinema Masr.sa,openepg,saudiarabia1,23,44.8,100.0,شنطة حمزة,فيلم كوميدي تدور أحداثه حول الشاب (حمزة) النصاب المحترف، الذي يقع في حب فتاة قوية الشخصية كانت تعمل هي الأخرى مع إحدى العصابات المشهورة بالنصب، فما الذي سيحدث؟,190.2,1,openepg:saudiarabia2:Rotana Cinema Masr.sa,https://www.open-epg.com/files/saudiarabia1.xml
Egypt,أو إس إن ياهلا أفلام.eg,أو إس إن ياهلا أفلام.eg,openepg,egypt1,26,42.7,100.0,The Goat,بعد إجبارها على الزواج من رجل كبير في السن، تهرب (هادية) البالغة من العمر 11 عامًا؛ فتنطلق عبر الصحراء بصحبة ماعز بحثًا عن بداية جديدة بعيدًا عن متاعب قريتها.,190.05,0,,https://www.open-epg.com/files/egypt1.xml
Egypt,أو إس إن موفيز بريميير.eg,أو إس إن موفيز بريميير.eg,openepg,egypt1,25,43.1,100.0,Zack Snyder's Justice League,يجمع بروس وين مجموعة من الأبطال الخارقين من أجل الدفاع عن البشرية ضد داركسايد والحفاظ على تضحيات سوبرمان الراحل، ولكن سرعان ما تقع كوارث مروعة تدفع الفريق إلى فعل المستحيل.,189.65,0,,https://www.open-epg.com/files/egypt1.xml
Saudi Arabia,OSNtv Movies Premiere.sa,OSNtv Movies Premiere.sa,openepg,saudiarabia5,25,43.1,100.0,Zack Snyder's Justice League,Zack Snyder's Justice League,189.65,0,,https://www.open-epg.com/files/saudiarabia5.xml
Saudi Arabia,OSNtv Movies Action.sa,OSNtv Movies Action.sa,openepg,saudiarabia5,24,43.3,100.0,The Matrix,The Matrix,188.95,0,,https://www.open-epg.com/files/saudiarabia5.xml
Saudi Arabia,Rotana Cinema HD.sa,Rotana Cinema HD.sa,openepg,saudiarabia1,22,43.8,100.0,التعويذة,يتناول الفيلم قصة عائلة مكونة من رجل وزوجته وابنهما ووالدته وأختيه، جميعهم يعيشون في منزل العائلة القديم. يعرض أحد رجال الأعمال عليهم شراء البيت، لكن يرفض الأبناء عرضه. فتبدأ سلسلة من الأحداث الغريبة في الحدوث معهم، فهل ستثنيهم هذه الأحداث عن قرارهم في بيع المنزل؟,187.7,1,openepg:saudiarabia2:Rotana Cinema HD.sa,https://www.open-epg.com/files/saudiarabia1.xml
Saudi Arabia,Rotana Comedy.sa,Rotana Comedy.sa,openepg,saudiarabia1,22,43.8,100.0,لوكاندة الفردوس,مسرحية كوميدية من بطولة عبدالمنعم مدبولي ومحمد عبدالمجيد.,187.7,1,openepg:saudiarabia2:Rotana Comedy.sa,https://www.open-epg.com/files/saudiarabia1.xml
Egypt,ماسبيرو زمان.eg,ماسبيرو زمان.eg,openepg,egypt1,57,42.0,59.6,لسة فاكر,برنامج فني تقدمه الإعلامية (نهال كمال) حيث تستضيف في حلقاته نجوم الوسط الفني مستعرضة حياتهم ومسيراتهم الفنية والمهنية، وتذكرهم بالأعمال التي اشتركوا فيها.,187.68,0,,https://www.open-epg.com/files/egypt1.xml
Egypt,ال تي في.eg,ال تي في.eg,openepg,egypt1,42,41.8,78.6,نبض,في إطار الدراما الممزوجة ببعض التراجيديا، تدور أحداث المسلسل حول القضايا الاجتماعية وعلاقات المال والأعمال وقصص الحب المختلفة وغيرها من القضايا.,187.58,0,,https://www.open-epg.com/files/egypt1.xml
Egypt,أون دراما.eg,أون دراما.eg,openepg,egypt1,35,34.8,100.0,راجعين يا هوى,بعد تراكم ديون طائلة عليه في أوروبا، يعود بليغ إلى موطنه بغية استعادة حقه في الميراث، ولكن سرعان ما تتحول مهمته إلى مسعى للإصلاح ما بين أفراد عائلته.,187.2,0,,https://www.open-epg.com/files/egypt1.xml
Egypt,النهار دراما.eg,النهار دراما.eg,openepg,egypt1,35,34.8,100.0,ستهم,بعدما يُقتل زوجها، تدخل (ستهم) في عدة صراعات مع أسرتها وتحاول تربية أبناءها بعيدا عن المشاكل، ثم تضطر للتنكر في هيئة رجل حتى تواجه الصعوبات التي تقابلها في الحياة.,187.2,0,,https://www.open-epg.com/files/egypt1.xml
Egypt,سي بي سي دراما.eg,سي بي سي دراما.eg,openepg,egypt1,35,34.8,100.0,مناعة,في منتصف الثمانينيات، تجد غرام نفسها وحيدة مع ثلاثة أطفال بعد مقتل زوجها الذي كان يعمل في تجارة المخدرات، فتوافق سرًا على زرع المخدرات داخل المقابر. ما يبدأ كمحاولة للبقاء يتحول إلى صعود خطير في عالم المخدرات، إلى أن تصبح «ست الحُسن» وقائدة شبكة إجرامية قوية. لكن مع تحرّك السلطات، ينهار نفوذ غرام وتُجبر على مواجهة العدالة وعواقب اختياراتها.,187.2,0,,https://www.open-epg.com/files/egypt1.xml
Egypt,Al Nahar Drama.eg,Al Nahar Drama.eg,openepg,egypt2,35,34.8,100.0,Settohom,"After her husband is killed, Settohom gets into several conflicts with her family and tries to raise her children away from problems; however, she is forced to disguise herself as a man to face the difficulties she encounters in life.",187.2,0,,https://www.open-epg.com/files/egypt2.xml
Egypt,CBC Drama.eg,CBC Drama.eg,openepg,egypt2,35,34.8,100.0,Manna'a,"In the mid-1980s, after her drug-dealing husband is killed, Gharam finds herself a single mother and decides to follow in his footsteps. What starts as an attempt to survive turns into a dangerous rise in the drug world until she becomes the leader of a powerful criminal network. But when the authorities close in, Gharam’s empire starts to collapse, and she’s forced to reckon with her choices.",187.2,0,,https://www.open-epg.com/files/egypt2.xml
Egypt,ON Drama.eg,ON Drama.eg,openepg,egypt2,35,34.8,100.0,Rageen Ya Hawa,"After his debts mount up in Europe, Baligh returns home to regain his right in the inheritance, but his mission soon turns into an attempt to reconcile his family.",187.2,0,,https://www.open-epg.com/files/egypt2.xml
Egypt,أو إس إن موفيز هوليوود.eg,أو إس إن موفيز هوليوود.eg,openepg,egypt1,24,42.1,100.0,Song One,تدور أحداث الفيلم حول فراني (آن هاثاواي) التي تتجه إلى المغرب من أجل الحصول على شهادة الدكتوراه في الأنثروبولوجيا، إلا أنه يقع لشقيقها هنري (بن روزنفيلد) حادث ويدخل في غيبوبة بعد نقاشها الحاد معه لرغبته في ترك الكلية والاتجاه إلى الغناء؛ وهو الأمر الذي يجعلها تقرر العودة للوطن وهناك تلتقي بالموسيقار جيمس فوستر (جوني فلين) وتتغير لديها الكثير من المفاهيم والمعتقدات.,187.15,0,,https://www.open-epg.com/files/egypt1.xml
Egypt,أو إس إن موفيز أكشن.eg,أو إس إن موفيز أكشن.eg,openepg,egypt1,22,43.3,100.0,The Matrix,توماس أندرسون رجل يعيش حياتين. نهارًا يعمل مبرمجًا عاديًا، وليلًا هاكر يعرف باسم نيو. لطالما تساءل نيو عن واقعه، لكن الحقيقة تتجاوز خياله. يصبح هدفًا للشرطة عندما يتواصل معه مورفيوس، هاكر أسطوري تصفه الحكومة بالإرهابي. كنقيب في مواجهة الآلات، يجب على نيو مواجهة الوكلاء، برامج حاسوبية قوية مكرسة لإيقافه وإخماد تمرد البشر.,186.95,0,,https://www.open-epg.com/files/egypt1.xml
Egypt,السعودية.eg,السعودية.eg,openepg,egypt1,59,41.8,55.9,برنامج ابتكارات المملكة,,186.42,0,,https://www.open-epg.com/files/egypt1.xml
Egypt,LBC.eg,LBC.eg,openepg,egypt2,37,45.8,75.7,Qalb Ommoh,"When Magdy is critically injured in a fight, the doctors struggle to save his life when he requires a heart transplant. But Younis' mother dies and the doctors transplant her heart to Magdy who starts acting in a motherly way towards Younis.",186.26,0,,https://www.open-epg.com/files/egypt2.xml
Egypt,روتانا سينما مصر.eg,روتانا سينما مصر.eg,openepg,egypt1,22,42.8,100.0,شنطة حمزة,تشكيل عصابى مكون من حمزه (حماده هلال) ورفيقته أمينه (يسرا اللوزى) ومنير (أحمد فتحى) وزيزو (محمد ثروت)، يقومون بعمليات سرقة ونصب صغيرة، مثل سرقة السيارات من القاهرة، والسفر بها الى الأسكندرية، ويخبئون المخدرات بها، ثم يطلبون من صاحب السيارة (عبدالله مشرف) فدية مالية، ويرشدونه لمكان السيارة بالاسكندرية، حيث يعود بها للقاهرة، فيقومون بسرقتها مرة اخرى، لإستعادة المخدرات. يفكر حمزة فى عملية كبيرة تغنيهم عن العمليات الصغيرة، فراقبوا مكتب صرافة الحمامصى (سامى مغاورى)، الذى يقوم بعمليات غير رسمية مقيدة بدفاتره، ويستبدلون الإيوان الصينى بالدولار، بمبالغ صغيرة، حتى يكتسبون ثقة الحمامصى، ثم إستغلوا طمعه فى طلب تغيير ٢٠ مليون إيوان مزورة، وحينما أحضر الدولارات، قاموا بتخديره، ونقله فى الأسعاف للمستشفى، وإستولوا على الدولارات، وفى الطريق ألقوا به وهربوا بالدولارات، وقرروا الإختفاء شهرين، لأن الكاميرات قد إلتقطت صورهم، وتنازعوا من يحتفظ بحقيبة الدولارات، ورفض حمزه تحمل مسئولية الحقيبة، وتولت أمينه الإلحاح على حمزه ليحتفظ بالحقيبة معه، مما جعل منير وزيزو يثقون به، ويتركون الحقيبة فى عهدته، وبعد شهرين إلتقوا جميعاً، حسب الميعاد، وتخلف حمزه، الذى بحثوا عنه حتى وجدوه يقيم حفلاً لزفافه، وإكتشفوا أنه فقد الذاكرة، بعد أن صدمته سيارة منذ شهر ونصف، وتزوجته صاحبة السيارة، وتأكدوا من الحالة من طبيبه المعالج. قادتهم أمينه للمنوم المغناطيسى (بيومى فؤاد) ومساعده (حسن عبدالفتاح)، وفتح لهم المنوم المندل، وأخبرهم أن حقيبة الدولارات، قابعة فى الملاحات، وتوجهوا جميعاً الى هناك، وفى أعقابهم رجال الحمامصى الذين يرغبون فى إسترداد الدولارات، وفى الملاحات إكتشفوا أن الماء المالح قد تسلل للحقيبة، وأفسد الدولارات، وأيقن رجال الحمامصى، أن الدولارات فى خبر كان، ويعوّض الله، ولكن أحد صيادى الملاحات، أخبرهم أن حمزه وضع الحقيبة بالماء منذ إسبوع، فأيقنوا أن حمزه لم يفقد الذاكرة، وإنه يخدعهم، فقاموا بخطف والدته وتعذيبها، حتى إعترف لهم بمكان الدولارات، التى إستردوها وتركوا حمزه وحده، والذى أبلغ البوليس، الذى أعد كميناً لزيزو ومنير، وضبط معهم الحقيبة التى تحتوى على دولارات مزيفه، وتم سجن زيزو ومنير، والذين وصلت اليهم حلة محشى، مرسلة من حمزه، وبها رسالة يخبرهم فيها، أنه هو الذى أبلغ عنهم البوليس، بعد ان سلمهم دولارات مزيفه، وانه هو الذى إستغل غباءهم، وإستأجر الراقصة ناديه عسليه (ساميه الطرابلسى) لتقوم بدور عروسه، ووالدها عبده العجل (محمد متولى) سائق التاكسى، وهانى الصياد، المنوم المغناطيسى ومساعده، وجوده التمرجى (عمر نجيب) الذى قام بدور الطبيب، وساعده فى إتمام المؤامرة حبيبته أمينه، وتمنى لهم إقامة سعيدة بالسجن، بينما هرب هو ورفيقته أمينه بالدولارات. (شنطة حمزه),186.2,0,,https://www.open-epg.com/files/egypt1.xml
Egypt,الأولى المغربية.eg,الأولى المغربية.eg,openepg,egypt1,68,41.8,44.1,البيوت أسرار,دراما اجتماعية مغربية عن مجموعة من الحكايات والأسرار لمجموعة من العائلات المغربية والخيط الرابط بينها هو سعيد رجل الأعمال الذي يمارس شتى أنواع اﻻستغلال والمكر تجاه عائلات فقدت ثروتها وممتلكاتها بسبب جشعه ووجدوا أنفسهم مستسلمين لطغيانه.,185.98,0,,https://www.open-epg.com/files/egypt1.xml
Egypt,أو إس إن فاميلي موفيز.eg,أو إس إن فاميلي موفيز.eg,openepg,egypt1,22,42.0,100.0,The Grinch,تدور أحداث الفيلم عن (جرينش) الغاضب الذي يخطط لتدمير موسم عيد الكريسماس لقاطني القرية المجاورة لـ(هوفيل)، إلى أن تتغير عواطفه نحو العيد على يد فتاة صغيرة.,185.0,0,,https://www.open-epg.com/files/egypt1.xml
Egypt,الظفرة.eg,الظفرة.eg,openepg,egypt1,45,41.8,71.1,التاسع من فبراير,يجد الأب الذي يعمل طبيبًا نفسه محاط بالعديد من المشاكل من كل حدب وصوب؛ التي تتطلب منه التصدي لها والوقوف أمامها بكل قوة حتى ينقذ أسرته، وحتى ينجح في تجاوزها بأمان.,184.58,0,,https://www.open-epg.com/files/egypt1.xml
Egypt,Al Aoula Morocco.eg,Al Aoula Morocco.eg,openepg,egypt2,74,45.9,27.0,Al Boyout Asrar,"The series revolves around stories and secrets of a group of Moroccan families, and the thread connecting them is Saeed, the businessman who practices various types of exploitation and deception towards families in crisis.",184.45,0,,https://www.open-epg.com/files/egypt2.xml
Egypt,Rotana Khalejia.eg,Rotana Khalejia.eg,openepg,egypt2,41,45.8,68.3,Qate'e Wareed,A mysterious murder takes place in a village near Damascus called Mafraq. Then an investigation begins to search for the perpetrator among members of two families living in the village. The investigations reveal shocking and unexpected secrets and details.,184.34,0,,https://www.open-epg.com/files/egypt2.xml
Egypt,روتانا سينما.eg,روتانا سينما.eg,openepg,egypt1,21,41.8,100.0,التعويذة,الأستاذ محمود عبد ربه (محمود ياسين) مدرس تاريخ يعيش في منزل العائلة القديم هو وزوجته راوية (يسرا) وابنه الصغير (ماهر عصام) مع والدته (تحية كاريوكا)وأختيه الكبرى فاتن (عبله كامل) الموظفة بإدارة الشطب بالتليفزيون والصغرى نادية (مروة الخطيب) الطالبة بالثانوية العامة للعام الثالث على التوالي، يعاني الجميع من قدم المنزل وتهالك الخدمات من مياه وصرف صحي، وقد جائهم السمسار قرنى (عادل ابو الغيط) بعرض مغرى من سالم بيه (فؤاد خليل) لشراء المنزل ووافقت أم محمود ورفض الابناء التخلي عن منزل والدهم وغضب سالم بيه من رفضهم، وبدأ الجميع يعاني من ظواهر غريبة بالمنزل، فالمياه تقطع في الحمام كثيراً خصوصا إذا كان هناك من يستحم، وتحدث هزات عنيفة في المنزل رغم عدم وجود زلزال، كما تحدث حرائق في أثاث المنزل دون أسباب لذلك، وفي هذه الأثناء تقدم الملازم أول شرطة عاطف عبد الحميد (طارق الدسوقي) لخطبة الأخت الصغرى نادية، ذهبت أم محمود ومعها راوية إلى الشيخة روايح (نعيمه الصغير) لفك العمل ولكنها فشلت، وأصابها سالم بيه وقرني (إبليس وصبيه) ولجأت أم محمود للشيخة فايزة (فايزة عبد الجواد) لعمل زار بالمنزل، فثار عليهم محمود وطرد الشيخة فايزة، قام الملازم عاطف بإبلاغ زميله عادل (محمود البزاوي) بالمعمل الجنائي لفحص المنزل لمعرفة أسباب مايحدث، وقد قام بزيارة المنزل وجمع عينات من بقايا الهدم، إستيقظت فاتن في الليل ورأت أرجل ماعز تتجول في الشقة، فأصيبت بصدمة عصبية ونقلت للمستشفى، أتم عادل فحص العينات بالمعمل وكتب تقريرا وأرسله إلى الملازم عاطف ثم أصيب بحالة صرع شديدة وعندما وصل التقرير إلى عاطف وقرأه تعطلت سيارته فنزل منها، فسارت وحدها وإصطدمت بشجرة، وفي المستشفى دخلت راوية الأسانسير ومعها ابنها وأغلق عليهما بابه وتعطل وظهر لها إبليس فإستعاذت بالله وبأياته من القرآن حتى أحرقته ومساعده قرني.,183.7,0,,https://www.open-epg.com/files/egypt1.xml
Egypt,روتانا كوميدي.eg,روتانا كوميدي.eg,openepg,egypt1,21,41.8,100.0,لوكاندة الفردوس,ينزل المدرس الإلزامي عبد المتجلي سليط وبناته الأربع ضيفا على عطية الشلشلموني وزوجته شفيقة الذين لا يرحبون بإستضافتهم فيذهبون الى لوكاندة الفردوس، بينما كانت سميحه جارة عطية دائمة الشجار مع زوجها مسعود الخبير القضائي وتغيير عليه، وتظن انه على علاقة بأخرى، بينما كان عطية يغازل سميحه طبعا من وراء زوجته شفيقة، يذهب مسعود الى لوكاندة الفردوس للتحقيق في شكوى من مديرها بينما يواعد عطيه جارته سميحه ويذهب بها إلى كافيتريا لوكاندة الفردوس، وتقوم شفيقة بالتوجه إلى نفس اللوكانده لضبط زوجها، وفي اللوكانده المتواجد بها الجميع تدور احداث طريفة حتى يطبق البوليس على الجميع لضبط احد العصابات المتواجدة في اللوكانده وفي التحقيقات يدعي عطيه ان اسمه مسعود وتدعي سميحه ان اسمها شفيقه وتكون النتيجة اتهام عطيه لزوجته شفيقة بخيانته مع جاره مسعود،ولكن عبد المتجلي، وبناته يكشفون الحقيقة.,183.7,0,,https://www.open-epg.com/files/egypt1.xml
Egypt,سيما.eg,سيما.eg,openepg,egypt1,21,41.8,100.0,لا تدمرني معك,هدى عبدالسلام(مديحه كامل)موظفة فى بنك،حاصلة على الماجستير وتعملبإجتهاد متطلعة لمستقبل مشرق تتولى فيه إدارة البنك،ويكافح معها زوجهاوجدى(عادل برهام)الذى يعمل فى وظيفتين. ووسط هذا التفاءل بغد أفضلتتوجه هدى لقياس فستانها الجديد عند مدام لولا الخياطه،ولم تكن تدرىان الشقة تدار للدعارة،وأثناء خلع هدى لملابسها داهم بوليس الاداب الشقةوقبض على من فيها ومعهم هدى،ولاحظ ضابط الاداب(رأفت راجى)ان هدىكانت وحدها بالحجرة،فطلب منها محادثة وكيل النيابة فارس(عزت العلايلى)الذى كان متعسفا مع خلية الدعارة،فلم يستمع لها،رغم انها سقطت تقبلقدميه،وقدمها للمحاكمة لتسجن،وتصلها ورقة طلاقها،وبعد انتهاء سجنهاقاطعها أهلها،مماإضطرها لسلوك طريق الانحراف الفعلى،واستغلت جمالهاوثقافتها فى الإيقاع براغبى المتعة الحرام من أصحاب المناصب والثرواتومنهم هشام(يوسف فوزى)الشاب الثرى،وطارق(حمدى السخاوى)مديرالبنك وتوفيق(صبرى عبد العزيز)رجل الاعمال صاحب الشركات. كونت هدى ثروةوبحثت عن فارس وكيل النيابة،واستأجرت الشقة المقابلة لشقته،واستعدت للإنتقام منه. كان فارس يعيش مع زوجته فتحية(ليلى طاهر)الموظفة بالاسكان،وابنته احلام(صفاء الطوخى) ووالده المسن أمين(عزت العلايلى)ويعيش فارس بمرتب موظف بوزارة العدل وتتطلع فتحية زوجته لحياة أفضل،وترتبط ابنتهاحلام عاطفيا بالموظف الشاب محمود(عماد رشاد)،بينما كان الجد امين ثائرالأى إعتداء على القيم المتوارثة وتعرفت هدى بجيرانها وأقنعت فتحية وفارسبالاتجاه للعمل الإستثمارى وترك الوظيفة،وأوجدت عملا لفارس بشركات توفيق بمرتب وعمولات اعمت بصيرة فارس فإستقال وعاش فى رغد واصبح وزوجته من المتحدثين بلغة المال.كان محمود مدينا لعمه(عثمان عبدالمنعم) بتربيتهورعايته،وكانت ابنة عمه بشرى(سلوى خطاب)تحبه،لكنه كان يحب احلام،فتقدمللزواج بها ورفضه فارس لفقره. وتمكنت هدى من استقطاب احلام لحفلاتتقيمها بعزب أصحابها،ووضعت فى طريقها هشام الذى جعلها تتناول الخمر،ومع وعد بأن يرفع من شأن حبيبها محمود ماديا،لكى يستطيع ان يتزوجها،تمكن هشام من فض بكارتها،ثم صحبها لطبيب لتصحيح ما أفسده. وتغيرتسلوكيات فارس وزوجته فتحيه،وأقاموا الحفلات بمنزلهم وشربوا الخمر،وتطلعفارس للسفر للخارج،وطلبت هدى من توفيق ان يستغله فى تهريب الماس،فلمافعل،ابلغت هدى البوليس فقبض على فارس بالمطار،وضاع مستقبله. لجأتاحلام لهدى لتشكو لها ماحدث من هشام واستمع محمود لما دار بينهما،فضرباحلام وهدى،وأسرع الى إبنة عمه بشرى ويطلبها من عمه،بينما لجأ فارس الىهدى لتنقذه،فأخبرته بأنه هو لما هى فيه الآن،وانها هى السبب فيما هو فيه الآن،واستمع الجدولما فعلته هدى مع حفيدته وابنه،فقتلها. اتهم وكيل النيابة ابراهيم سالم(على عزب)محمود وفارس وفتحية وأحلام بقتل هدى،لكن تقدم الجد واعترف بأنه القاتل،ثم سقط مفارقا للحياة. (لا تدمرنى معك),183.7,0,,https://www.open-epg.com/files/egypt1.xml
Egypt,دي إم سي دراما.eg,دي إم سي دراما.eg,openepg,egypt1,32,34.8,96.9,عمر أفندي,في إطار التشويق والإثارة تدور أحداث المسلسل حول أحد الأشخاص الذي يعثر على سرداب سري يعود به إلى زمن بعيد، يكتشف من خلاله ماض لا يعلم عنه شيء، ويدفعه فضوله للعيش في حياة مزدوجة في زمانين مختلفين.,181.72,0,,https://www.open-epg.com/files/egypt1.xml
Egypt,DMC DRAMA.eg,DMC DRAMA.eg,openepg,egypt2,32,34.8,96.9,Omar Affendi,"It follows a young man who finds a secret basement that takes him back in time, through which he discovers a past that he knows nothing about, and his curiosity pushes him to live a double life in two different times.",181.72,0,,https://www.open-epg.com/files/egypt2.xml
Egypt,SBC.eg,SBC.eg,openepg,egypt2,48,45.8,54.2,Elet Al Malek,"A Damascus trader marries to get rich and leaves his poor family. He struggles to achieve his goals due to security concerns and unexpected events. The events address “forced payments” on merchants and highlight slum life's social inconsistencies. The story climaxes on the night of the regime's end when the security system fails and prisons open, freeing inmates.",180.06,0,,https://www.open-epg.com/files/egypt2.xml
UAE,MBC Action.ae,MBC Action.ae,openepg,uae6,40,25.8,100.0,ذا إنسايد لاين,البرنامج الوحيد المخصص بشكل كامل للفورمولا 1، حيث يقوم بتقديم نظرة عامة وتحليلا مستقلا عن كل سباق، وكل فريق، وكل سائق أيضا.,178.7,0,,https://www.open-epg.com/files/uae6.xml
UAE,MBC4.ae,MBC4.ae,openepg,uae6,38,25.7,100.0,ما زلت في ١٧ موسم 1 حلقة 40,تثير تصريحات أراس غضب أصدقائه، ما يؤدي إلى بقاء سرحات بلا حماية. لاحقا، يستمر سيل المصائب بنبأ إخلاء الميتم.,176.55,0,,https://www.open-epg.com/files/uae6.xml
Egypt,إل بي سي.eg,إل بي سي.eg,openepg,egypt1,34,41.8,73.5,قلب أمه,يونس عبدالحي(هشام ماجد) مؤلف أفلام فاشلة، يقتبسها من أفلام أجنبية، ويحيلها بسبب جهله لمواقف كوميدية تافهة، ويتمتع بشخصية ضعيفة، تسيطر عليها والدته المستبدة خلود السمنودي (دلال عبدالعزيز)، وهى التى تنفق عليه، وترسم له كل خيوط حياته، ويعتمد عليها فى كل شيئ، كما كان يونس على علاقة حب بفتاة تعمل فى شركة لمقاومة الحشرات، تدعي عليا (نور قدري)، تعترض على كونه يعيش عالة على أمه دون عمل، وتري أن النملة أفضل منه، لأنها تعمل بإجتهاد، وتأمل عليا فى تغيير يونس للأفضل. مجدي نخنوخ (شيكو) رجل أعمال مشبوه، يتاجر وعصابته فى الممنوع، وهو شخصية إسطورية إجرامية، يستعد لإتمام عملية “لبن العصفور”، مع جماعة كورية، وقد دفع ثمن البضاعة، وينتظر التسليم، وقد إنشق عنه عضو العصابة سعد البوهيمي (محمد ثروت)، ويتصارعان على عملية لبن العصفور، وقد نما إلى علم المقدم عاطف الشعلة (محمود الليثي)بأمر عملية لبن العصفور، فقرر مراقبتهما حتى يقبض على نخنوخ متلبساً. لم يتحمل قلب خلود السمنودي عصيان أبنها يونس، فأصيبت بنوبة قلبية، دخلت على إثرها المستشفي، وأعلن الطبيب الفاسد (سامي مغاوري) موتها إكلينيكياً، بعد توقف المخ عن أداء وظائفه، وبقي القلب سليماً، لذلك عندما إنغرز سيخ من الحديد فى قلب نخنوخ، وتم نقله للمستشفي، واحتياجه لنقل قلب، قام الطبيب الفاسد، تحت التهديد، بنقل قلب خلود، الى نخنوخ، دون علم أهلها. قامت العصابة بقتل الطبيب وقطع لسان الممرضة، حتى تصبح العملية سرية، وبحثوا عن يونس لقتله أيضاً، ولكن نخنوخ الذى يعيش بقلب خلود والدة يونس، لم يطاوعه قلبه قتل يونس، الذى تحرر من قيود امه بعد موتها، وفك الوديعة وإشتري كلب وديع، ولكن نخنوخ أصبح ملاكه الحارس، يساعده حتى فى أمور معيشته، ويشرف على طعامه، كما كانت تفعل أمه بالضبط، ويكلف أفراد عصابته بتنظيف المنزل وغسل الغسيل وطبخ الطعام، كما ساعده على الزواج من عليا، رغم إعتراض والديها، وعندما طالبه صاحب المنزل بالإيجار المتأخر، قام نخنوخ بقتل صاحب البيت، وإشتري ليونس المنزل والمنازل المجاورة، وأجبر الفنان حسن الرداد على شراء رواية تافهة أقتبسها يونس، وعندما أهمل الرداد فى تمثيلها تم قتله، ولجأ نخنوخ الى الفنان كريم فهمي، واجبره على إنتاج الرواية التافهة. أفشي المقدم الشعلة بسر نخنوخ الى يونس، وأخبره بأن نخنوخ يعيش بقلب أمه، وطلب منه التعاون معه، للإيقاع بنخنوخ. وحينما حاول البوهيمي قتل نخنوخ، فى حفل زفاف يونس، أصاب الأخير إصابة سطحية، وإعترضت عليا على علاقة يونس مع زعيم العصابة نخنوخ، وطلبت منه إنهاء تلك العلاقة، واتهمته بالضعف والتخاذل، وسألته ماذا سيفعل عندما يتم القبض على نخنوخ، الذى يعتمد عليه تماماً، وسمع نخنوخ الحوار، وتأثر عاطفياً، وقرر التوبة، وأهمل أمر العصابة، وعمل جرسوناً فى كافيه، ولكن المقدم الشعلة، إتفق مع يونس على إعادة نخنوخ للأجرام، حتى يكتشف عملية لبن العصفور، وبالفعل عاد نخنوخ لإتمام عملية لبن العصفور، وكانت عبارة عن كمية كبيرة من الهيروين مخبئة فى تماثيل ذهبية، واكتشف يونس أن نخنوخ الذى يعيش بقلب امه، كان يعلم أن يونس يعمل ضده مع البوليس، ولم يعترض وطلب منه إرشاد البوليس عن مكان العملية، كما قام نخنوخ بقتل البوهيمي، وإنقاذ يونس، وإختفى نخنوخ، وصرح يونس أن نخنوخ مات غرقاً فى البحر، وعكف يونس على تغيير مسار حياته، بكتابة قصته مع نخنوخ وقلب أمه، والتى قوبلت برضاء جميع النقاد. (قلب أمه),175.5,0,,https://www.open-epg.com/files/egypt1.xml
Egypt,روتانا خليجية.eg,روتانا خليجية.eg,openepg,egypt1,38,41.8,68.4,قطع وريد,تحدث جريمة قتل غامضة في قرية قريبة من دمشق تُدعى (المفرق)، ثم يبدأ التحقيق للبحث عن الجاني بين أفراد عائلتين تعيشان في القرية، لتكشف التحقيقات عن أسرار وتفاصيل صادمة وغير متوقعة.,175.42,0,,https://www.open-epg.com/files/egypt1.xml
UAE,الحدث.ae,الحدث.ae,openepg,uae6,36,25.8,100.0,ستوديو الحدث,يناقش ستوديو الحدث الأحداث الجارية ويسلط الضوء على القصص الرئيسية التي شغلت الصحافة ووسائل الإعلام الاجتماعي، بالإضافة إلى مقابلات مع ضيوف مختصين لتحليلها وتغطية كل جوانبها.,174.7,0,,https://www.open-epg.com/files/uae6.xml
UAE,العربية.ae,العربية.ae,openepg,uae6,36,25.8,100.0,أخبار العربية,كن في الطليعة مع آخر الأخبار العاجلة وأهم الأحداث الجارية، بالإضافة إلى معرفة كل ما يدور حولك من أحداث سواء كانت في المنطقة العربية أو حول العالم.,174.7,0,,https://www.open-epg.com/files/uae6.xml
Egypt,Al Kahera Wal Nas TV 2.eg,Al Kahera Wal Nas TV 2.eg,openepg,egypt2,39,46.8,56.4,Wueud Sakhia,"After Sakheya is exposed to injustice, oppression, and many accusations of which she is innocent, she starts to change into a person who wants to get back at everyone who conspired against her.",174.32,0,,https://www.open-epg.com/files/egypt2.xml
Egypt,أو إس إن موفيز كوميدي.eg,أو إس إن موفيز كوميدي.eg,openepg,egypt1,22,34.8,100.0,Driving Miss Daisy,تفشل السيدة ديزي في قيادة سيارتها وتتعرض لحادث بسيط فيصمم ابنها على أن يأتى لها بسائق خاص ولكنها ترفض بشدة، وتضطر أن تستخدمه في تنقلاتها لكي يوصلها، وتعامله بجفاء وسلاطة لسان فضلًا عن بخلها الشديد معه، ولكنه بصبر ورحابة صدر ينجح فى التعامل معها، وتدريجيًا وبمرور السنين تنشأ صداقة بينهم.,174.2,0,,https://www.open-epg.com/files/egypt1.xml
Egypt,OSN TV Movies Comedy.eg,OSN TV Movies Comedy.eg,openepg,egypt2,22,34.8,100.0,Driving Miss Daisy,"In the 1950s, an elderly widow is forced to accept her son's offer to hire a driver for her. Despite her lukewarm attitude, the African-American driver soon wins her over, and a great friendship soon blossoms between the two, transforming both of their lives.",174.2,0,,https://www.open-epg.com/files/egypt2.xml
UAE,MBC Persia.ae,MBC Persia.ae,openepg,uae6,38,25.4,97.4,بخمس أرواح موسم 1 حلقة 8,يدبر كمال اعتقال شمس ويجبره على توقيع تعهد بعدم دخول الشركة. يحاول عاصي طمس فضيحته بالمال، لكن تتحداه زوجته، مسترشدة بضمير الأمومة بدلا من طاعة الزوج.,174.02,0,,https://www.open-epg.com/files/uae6.xml
Egypt,Nessma.eg,Nessma.eg,openepg,egypt2,56,45.8,32.1,برنامج البازار,,170.38,0,,https://www.open-epg.com/files/egypt2.xml
Egypt,إس بي سي.eg,إس بي سي.eg,openepg,egypt1,44,41.8,54.5,عيلة الملك,في دمشق المثقلة بالتحولات عام 2024، يسقط رجل الأعمال النافذ 'جبري المالك' في قبضة نظام متهالك، ليترك خلفه إمبراطورية يتصارع عليها أقرب الناس إليه في حربٍ عائلية ضروس وقودها الجشع. وبينما يظن الجميع أن أثره قد مُحي، ينهار النظام ويخرج المالك من ظلمات المعتقل كالشبح، ليعيد ترتيب أوراقه في مشهدٍ يعج بالانتقام، وتتكشف خيانات وتحالفات دموية كانت تحاك تحت الرماد، مهددةً بحرق كل من تجرأ على وراثة العرش.,170.3,0,,https://www.open-epg.com/files/egypt1.xml
Egypt,Roya.eg,Roya.eg,openepg,egypt2,38,46.8,52.6,Matbakh Roya,"The program Roya Kitchen presents the ingredients and methods for preparing many local, Arab, and international foods and dishes.",170.28,0,,https://www.open-epg.com/files/egypt2.xml
UAE,MBC5.ae,MBC5.ae,openepg,uae6,31,25.9,100.0,القضاء موسم 1 حلقة 99,تتغير حياة المحامية الشجاعة جيلين والنائب العام ألغاز عندما يضطران للعمل معا للتحقيق في جريمة قتل.,169.85,0,,https://www.open-epg.com/files/uae6.xml
Egypt,AlSharqiya.eg,AlSharqiya.eg,openepg,egypt2,54,45.8,31.5,Sabah Al Sharqiya,"A program that discusses a lot of social, health, and family information, hosts celebrities, and presents many diverse segments covering various topics.",167.9,0,,https://www.open-epg.com/files/egypt2.xml
Egypt,ذكريات.eg,ذكريات.eg,openepg,egypt1,44,34.8,63.6,خطوات على الجبال,يقع حادث أليم لمحمد أثناء سفره لليمن، ويُنقل إلى المستشفى، ويفقد الذاكرة، فيسعى لمحاولة الوصول إلى أي شخص يوصله لمعلومات عن عائلته.,167.08,0,,https://www.open-epg.com/files/egypt1.xml
Egypt,Utv.eg,Utv.eg,openepg,egypt2,52,45.8,32.7,برنامج هاتريك,,166.86,0,,https://www.open-epg.com/files/egypt2.xml
Egypt,إم بي سي ماكس.eg,إم بي سي ماكس.eg,openepg,egypt1,16,33.8,100.0,Taken 3,يعود العميل الحكومي السابق برايان ميلز (ليام نيسون) من جديد ، ولكن هذه المرة بعد أن يتم اتهامه بالخطأ في جريمة قتل تنهار معها كل أركان حياته ، ويتتبعه شرطي يملك الكثير من الدهاء والمكر ، ولكن في المقابل يوظف (ميلز) كل ما في جعبته من إمكانيات فائقة من أجل تتبع القاتل الحقيقي .,166.7,0,,https://www.open-epg.com/files/egypt1.xml
Egypt,MBC MAX.eg,MBC MAX.eg,openepg,egypt2,16,33.8,100.0,Taken 3,"Ex-government operative Bryan Mills finds his life shattered when he's falsely accused of a murder that hits close to home. As he's pursued by a savvy police inspector, Mills employs his particular set of skills to track the real killer and exact his unique brand of justice.",166.7,0,,https://www.open-epg.com/files/egypt2.xml
Egypt,Rotana Classic.eg,Rotana Classic.eg,openepg,egypt2,34,46.8,52.9,Shatte'e El-Marah,"Mansour entrusts Hossam, the son of one of his friends, to watch his daughter, Noura, while on a trip to Ismailia. They fall in love with each other, but she finds out that he was hired to follow her. She agrees to get engaged to an unemployed man to get back at Hossam.",166.52,0,,https://www.open-epg.com/files/egypt2.xml
Egypt,Sharjah TV.eg,Sharjah TV.eg,openepg,egypt2,64,45.8,17.2,برنامج,,166.46,0,,https://www.open-epg.com/files/egypt2.xml
Egypt,القاهرة والناس 2.eg,القاهرة والناس 2.eg,openepg,egypt1,36,41.8,58.3,وعود سخية,تتعرض سخية للظلم والقهر واتهامات كثيرة، هي بريئة منها، فتبدأ شخصيتها في التحول إلي شخصية انتقامية من كل من تآمر عليها.,165.34,0,,https://www.open-epg.com/files/egypt1.xml
Egypt,Thikrayat Tv.eg,Thikrayat Tv.eg,openepg,egypt2,44,34.8,61.4,Khutwat Ala Al Jibal,"After a tragic accident happens to Muhammad while he is traveling to Yemen, he is taken to the hospital, and he loses his memory, so he tries to reach anyone who will give him information about his family.",165.32,0,,https://www.open-epg.com/files/egypt2.xml
Egypt,إم بي سي 2.eg,إم بي سي 2.eg,openepg,egypt1,15,33.3,100.0,Pacific Rim,"عندما تخرج من أعماق المحيط وحوش عملاقة آتية من عالم آخر، تقوم بتدمير مدن بأكملها وتودي بحياة الملايين، يقوم البشر بصناعة آليين هائلي الحجم يطلق عليهم ""جياجرز"" لمحاربة تلك الكائنات، على أن يتم التحكم في كل جياجر عن طريق طيارين من البشر، لكن كل هذا لا يجدي نفعاً أمام تلك المخلوقات الجبارة، وتستمر الحرب لأكثر من 20 عامًا، تكاد فيها حضارة البشر أن تنهار، قبل أن يبزغ أمل جديد في الأفق.",164.95,0,,https://www.open-epg.com/files/egypt1.xml
Egypt,MBC 2.eg,MBC 2.eg,openepg,egypt2,15,33.3,100.0,Pacific Rim,"When hordes of Kaiju, monstrous alien creatures, attack Earth from deep-sea waters, giant robots piloted by humans are deployed to fight them off and save the human population from utter annihilation.",164.95,0,,https://www.open-epg.com/files/egypt2.xml
Egypt,Al Kahera Wal Nas TV.eg,Al Kahera Wal Nas TV.eg,openepg,egypt2,37,45.8,48.6,برنامج مي شو,,164.58,0,,https://www.open-epg.com/files/egypt2.xml
Egypt,Al Nahar TV.eg,Al Nahar TV.eg,openepg,egypt2,48,45.8,31.2,Al Dow El Shared,"The story chronicles the class struggle between the old feudal class represented by the Azizi family and the new owners class represented by the Sawalmi family, former wage earners who used to work for the Azizis. The Sawalmi family resorts to illegitimate ways to get money to compete with the Azizis.",161.66,0,,https://www.open-epg.com/files/egypt2.xml
Egypt,AlSaeedah.eg,AlSaeedah.eg,openepg,egypt2,48,45.8,31.2,Qadyet Safia,"The story of a rural girl named Safia whose father dies and leaves her a great inheritance. Her life takes a turn when a man claiming to be her brother suddenly appears. When he's killed, Safia is accused of the crime, forcing her to go on the run to try to prove her innocence.",161.66,0,,https://www.open-epg.com/files/egypt2.xml
Egypt,رؤيا.eg,رؤيا.eg,openepg,egypt1,35,41.8,54.3,مطبخ رؤيا,برنامج (مطبخ رؤيا) يُقدم مقادير وطرق تحضير العديد من المأكولات والأطباق المحلية والعربية والعالمية.,161.14,0,,https://www.open-epg.com/files/egypt1.xml
Egypt,نسمة.eg,نسمة.eg,openepg,egypt1,50,41.8,34.0,برنامج البازار,,159.9,0,,https://www.open-epg.com/files/egypt1.xml
UAE,MBC MAX.ae,MBC MAX.ae,openepg,uae6,19,26.8,100.0,تيكن 3,تنهار حياة براين ميلز عند اتهامه زوراً بجريمة قتل أثرت فيه بشكل شخصي. وبينما يقوم مفتش محنك في الشرطة بتتبعه، يُسخر مايلز مهاراته الاستثنائية في البحث عن القاتل الحقيقي وتحقيق العدالة.,159.2,0,,https://www.open-epg.com/files/uae6.xml
Egypt,الثانية.eg,الثانية.eg,openepg,egypt1,37,34.8,62.2,أخبار,,158.96,0,,https://www.open-epg.com/files/egypt1.xml
Egypt,القاهرة والناس.eg,القاهرة والناس.eg,openepg,egypt1,35,42.8,48.6,برنامج مي شو,,158.08,0,,https://www.open-epg.com/files/egypt1.xml
Saudi Arabia,KSA Sports 1 HD.sa,KSA Sports 1 HD.sa,openepg,saudiarabia5,35,14.7,100.0,Korat Al Qadam,Korat Al Qadam,157.05,0,,https://www.open-epg.com/files/saudiarabia5.xml
Egypt,يو تي في.eg,يو تي في.eg,openepg,egypt1,47,41.8,34.0,برنامج هاتريك,,156.9,0,,https://www.open-epg.com/files/egypt1.xml
Egypt,الشرقية.eg,الشرقية.eg,openepg,egypt1,50,41.8,30.0,صباح الشرقية,برنامج (صباح الشرقية) يناقش العديد من المعلومات الاجتماعية والصحية والأسرية، ويستضيف نجوم الفن، كما يقدم العديد من الفقرات المتنوعة التي تغطي مواضيع شتى.,156.7,0,,https://www.open-epg.com/files/egypt1.xml
UAE,MBC2.ae,MBC2.ae,openepg,uae6,18,25.8,100.0,باسيفيك ريم,تجتمع مجموعة منوعة من البشر معاً في عام 2025 لمحاربة جحافل من المخلوقات المتوحشة ظهرت من أعماق البحر.,156.7,0,,https://www.open-epg.com/files/uae6.xml
Egypt,الشارقة.eg,الشارقة.eg,openepg,egypt1,60,42.5,15.0,برنامج,,155.75,0,,https://www.open-epg.com/files/egypt1.xml
Egypt,روتانا كلاسيك.eg,روتانا كلاسيك.eg,openepg,egypt1,30,41.8,53.3,شاطئ المرح,الاستاذ رفعت(عبدالمنعم مدبولى)يعيش مع زوجته الحامل عزيزه(ميمى شكيب)وبناته نورا(نجاة الصغيره)التى تهوى الغناء،وسالى(شاهيناز طه)التى تهوىالتمثيل،والصغيره مها(ايناس عبد الله)،وهو يخاف على بناته جداً بعد ان أعطاهم الحرية ومنحهم الثقة،ولكن عينه فى وسط رأسه. وقد أرادت بنتيه نوراوسالى السفر برحلة للإسماعيلية لمدة ١٥ يوم مع النادى،ولم يستطع الرفضوفى نفس الوقت يخاف عليهن،فطلب من صديقه شوقى(عدلى كاسب)السماحلإبنه حسام(حسن يوسف)وفرقته الموسيقية من الهواة سيجا(الضيف احمد)وميخا(جورج سيدهم)وشيحا(سمير غانم)بالسفر وراء بناته على حسابه،وذلكلرقابتهم وحمايتهم من الذئاب. وصلت الفرقة للإسماعيلية بسيارتهم المتهالكةبعد عذاب ومعاناة وتمكنوا من العمل بالغناء فى فندق الشاطئ،مقابل الإقامة. بينما تعرضت نورا للوقوع فى براثن الذئب حماده(يوسف فخر الدين)الذى تركرفيقته سناء(سناء مظهر)وتفرغ لنورا،حتى اكتسب صداقتها،وانفرد بها وحاولالاعتداء عليها،ولكن حسام وفرقته انقذاها من براثنه،وأرسلوا تليغرافا لرفعتليخبراها بالاعتداء،فحضر على عجل،ولكنه وقع بالخطأ فى كمين للشرطة لضبط المهربين،فقبض عليه بعد ان فقد هويته الشخصية،وتم ترحيله للقاهرةمع مخصوص. تعرف حسام على نورا وتبادلا الإعجاب،بينما تبادلا الإعجابسيحا وسالى،وكذلك شيحا و ريرى(ساميه شكرى). اعتذر حماده لنورا عمابدر منه،وواصل مساعيه للإيقاع بها،فأرسلت الفرقة تليغرافا لرفعت الذى حضر،ووقع فى يد الشرطة بعد مشاهدته مع عصابة للتهريب،وعاد للقاهرةمع مخصوص. وأثناء بحث حسام عن نورا،وقع فى براثن سناء،وشاهدته نورافظنت ان هناك علاقة بينهما فتعقدت الأمور بينهما،ولكنه بذل جهدا حتىاقتنعت نورا ببراءته. قرر حماده خطبة نورا فسافر للقاهرة وخطبها من رفعتالذى قرر السفر للإسماعيلية لسؤال إبنته نورا عن حماده،والتى ظنته يتكلم عن حسام فوافقت،ولكنها اكتشفت الخطأ،فتراجعت،ثم علمت الاتفاق بين والدها رفعت وحسام الذى كانت مهمته مراقبتها،فظنت ان حسام خدعهاوادعت انها قبلت خطوبة حماده لتغيظ حسام،الذى بذل جهدا ليثبت لها انهيحبها،فعادت إليه،ووصل تليغراف لرفعت الذى رفض تسلمه لخوفه من محتواهوعندما قرأت الفرقة التليغراف كان من الست عزيزه يفيد وضعها لتوأم منالبنات ليصبح عدد بنات رفعت ٥ بنات. (شاطئ المرح),155.34,0,,https://www.open-epg.com/files/egypt1.xml
Egypt,DMC.eg,DMC.eg,openepg,egypt2,21,45.4,57.1,حفل غنائي,,154.78,0,,https://www.open-epg.com/files/egypt2.xml
Egypt,Sada El Balad.eg,Sada El Balad.eg,openepg,egypt2,40,45.8,32.5,برنامج على مسؤليتي,,154.7,0,,https://www.open-epg.com/files/egypt2.xml
Egypt,النهار.eg,النهار.eg,openepg,egypt1,45,41.8,33.3,الضوء الشارد,تدور القصة حول الصراع الطبقي بين طبقة الإقطاعيين القدامى متمثلة في عائلة العزايزة وطبقة الملاك الجدد متمثلة في عائلة السوالم الذين كانوا أجراء فيما مضى، ويلجأ السوالم لطرق غير شرعية للحصول على المال لمنافسة العزايزة على كرسي مجلس الشعب الذي كان حكرًا على العزايزة.,154.34,0,,https://www.open-epg.com/files/egypt1.xml
Egypt,Alhayat TV.eg,Alhayat TV.eg,openepg,egypt2,38,45.8,34.2,برنامج مطبخ الحياة,,154.06,0,,https://www.open-epg.com/files/egypt2.xml
Egypt,السعيدة.eg,السعيدة.eg,openepg,egypt1,44,41.8,34.1,قضية صفية,يموت أبو (صفية) ويترك لها ميراثًا كبيرًا، ليظهر فى حياتها فجأة رجل يدّعى أنه شقيقها، ويحول حياتها لجحيم، ليٌقتل وتتهم صفية بقتله، فتقرر الهروب لتحاول إثبات براءتها من جريمة القتل، فهل ستنجح؟,153.98,0,,https://www.open-epg.com/files/egypt1.xml
Saudi Arabia,Bloomberg Originals.sa,Bloomberg Originals.sa,openepg,saudiarabia5,31,14.7,100.0,23andMe Institute CEO Anne Wojcicki,23andMe Institute CEO Anne Wojcicki,153.05,0,,https://www.open-epg.com/files/saudiarabia5.xml
Saudi Arabia,Oman TV Mubashir.sa,Oman TV Mubashir.sa,openepg,saudiarabia5,31,14.7,100.0,Every Country Has A Story.,Every Country Has A Story.,153.05,0,,https://www.open-epg.com/files/saudiarabia5.xml
Egypt,Alsumaria.eg,Alsumaria.eg,openepg,egypt2,47,45.4,21.3,برنامج celebirty,,152.14,0,,https://www.open-epg.com/files/egypt2.xml
Egypt,الشروق الجزائرية.eg,الشروق الجزائرية.eg,openepg,egypt1,43,41.8,32.6,برنامج,,151.78,0,,https://www.open-epg.com/files/egypt1.xml
Egypt,المصرية.eg,المصرية.eg,openepg,egypt1,39,41.8,35.9,نصيبي وقسمتك,حلقات منفصلة متصلة تتناول أحداثها 15 موضوعًا مختلفًا مقسمة على 3 حلقات لكل موضوع، وتناقش علاقة الرجل بالمرأة، والمشاكل التي تحدث بينهما، وكيف يمكن التغلب عليها لإنجاح علاقتهما.,150.42,0,,https://www.open-epg.com/files/egypt1.xml
Egypt,قناة مصر الأولى.eg,قناة مصر الأولى.eg,openepg,egypt1,39,41.8,35.9,نصيبي وقسمتك,حلقات منفصلة متصلة تتناول أحداثها 15 موضوعًا مختلفًا مقسمة على 3 حلقات لكل موضوع، وتناقش علاقة الرجل بالمرأة، والمشاكل التي تحدث بينهما، وكيف يمكن التغلب عليها لإنجاح علاقتهما.,150.42,0,,https://www.open-epg.com/files/egypt1.xml
Egypt,Mehwar.eg,Mehwar.eg,openepg,egypt2,35,45.3,34.3,فيلم,,150.39,0,,https://www.open-epg.com/files/egypt2.xml
Egypt,Nile Life.eg,Nile Life.eg,openepg,egypt2,38,46.8,26.3,Half for Me & Half for Him,"A married couple decide to separate after the marriage of their children, as they divide the apartment into two halves by building a wall that separates them. They run into many hilarious situations, that reflect the situation in our society nowadays.",149.24,0,,https://www.open-epg.com/files/egypt2.xml
Egypt,إل بي سي آي.eg,إل بي سي آي.eg,openepg,egypt1,41,41.8,31.7,نهاركم سعيد,برنامج صباحي يومي، يهتم بمناقشة آخر المستجدات على الساحة السياسية، من خلال إستضافة المحليين السياسيين، لمناقشة القضايا التي تهم الرأي العام في لبنان. كان البرنامج عند انطلاقته بعام 1996 يتناول الأحداث السياسية بفقرة صغيرة مدتها نصف ساعة وبقية فترة البرنامج كانت حول أمور ثقافية ومنوعة.,149.06,0,,https://www.open-epg.com/files/egypt1.xml
Saudi Arabia,ANC.sa,ANC.sa,openepg,saudiarabia5,27,14.7,100.0,FoodPrints,FoodPrints,149.05,0,,https://www.open-epg.com/files/saudiarabia5.xml
Egypt,TeN TV.eg,TeN TV.eg,openepg,egypt2,42,45.3,23.8,Rayya Wi Sekinnah,"The story of the lives of sisters Rayya and Sakina, two of the most famous criminals of the 20th century in Egypt as they terrified women and masterminded dozens of deaths. The series presents the circumstances that led them to becoming criminals and the impact of the environment on their future.",148.99,0,,https://www.open-epg.com/files/egypt2.xml
Egypt,الفجيرة.eg,الفجيرة.eg,openepg,egypt1,38,33.8,50.0,المصيدة,تتورط “فريدة” وهي مخترق إلكتروني بارعة ومجموعة من أصدقائها في شبكة من الخداع والمطاردات بعد عملية نصب مخططة بشكل دقيق. مع تطور الأحداث، تنقلب المصيدة عليهم جميعًا عندما تنكشف أسرار قديمة تربط بين الأبطال وتحول كل قرار إلى مواجهة جديدة.,148.7,0,,https://www.open-epg.com/files/egypt1.xml
Egypt,Al Jadeed TV.eg,Al Jadeed TV.eg,openepg,egypt2,49,46.3,12.2,برنامج الشيف انطوان عنا,,148.21,0,,https://www.open-epg.com/files/egypt2.xml
Egypt,MBC Action.eg,MBC Action.eg,openepg,egypt2,36,45.8,27.8,برنامج the inside line,,146.94,0,,https://www.open-epg.com/files/egypt2.xml
Egypt,الحياة.eg,الحياة.eg,openepg,egypt1,36,42.8,33.3,برنامج مطبخ الحياة,,146.84,0,,https://www.open-epg.com/files/egypt1.xml
Egypt,Fujairah.eg,Fujairah.eg,openepg,egypt2,38,33.8,47.4,El Masyada,"Farida, a skilled hacker, and a group of her friends become entangled in a web of deception and chases following a meticulously planned scam. As events unfold, the trap turns against them all when long-buried secrets linking the protagonists are revealed, turning every decision into a new confrontation.",146.62,0,,https://www.open-epg.com/files/egypt2.xml
Egypt,المحور.eg,المحور.eg,openepg,egypt1,33,42.8,36.4,فيلم,,146.32,0,,https://www.open-epg.com/files/egypt1.xml
Egypt,سما دبي.eg,سما دبي.eg,openepg,egypt1,43,34.3,39.5,برنامج ذاكرة الاعلام,,146.05,0,,https://www.open-epg.com/files/egypt1.xml
Egypt,Sama Dubai.eg,Sama Dubai.eg,openepg,egypt2,43,34.3,39.5,برنامج ذاكرة الاعلام,,146.05,0,,https://www.open-epg.com/files/egypt2.xml
Egypt,صدى البلد.eg,صدى البلد.eg,openepg,egypt1,37,41.8,32.4,برنامج على مسؤليتي,,145.62,0,,https://www.open-epg.com/files/egypt1.xml
Egypt,تن.eg,تن.eg,openepg,egypt1,40,41.8,27.5,ريا وسكينة,قصة حياة الأختين (ريا) و(سكينة)، وهما من أشهر مجرمات القرن العشرين في مصر. روعتا النساء في مطلع القرن وكانتا وراء مقتل العشرات، ويعرض المسلسل الظروف التي أدت إلى تحول الأختين ريا وسكينة إلى مجرمتين مستعرضًا تطورات حياتهما وصلتهما بالمحيطين بهما، وتأثير البيئة التي نشأت فيها الأختان على مستقبلهما.,144.7,0,,https://www.open-epg.com/files/egypt1.xml
Saudi Arabia,C And I.sa,C And I.sa,openepg,saudiarabia5,22,14.7,100.0,After The First 48,After The First 48,144.05,0,,https://www.open-epg.com/files/saudiarabia5.xml
Saudi Arabia,GMA Pinoy TV.sa,GMA Pinoy TV.sa,openepg,saudiarabia5,22,14.7,100.0,Magpakailanman,Magpakailanman,144.05,0,,https://www.open-epg.com/files/saudiarabia5.xml
Egypt,العراقية.eg,العراقية.eg,openepg,egypt1,43,34.8,34.9,ضوء أسود,تُضطر أروى السفر إلى العراق للتعرف على أهل زوجها الراحل نائل، وهناك تكتشف أمور وأسرار أخفاءها نائل عن عائلته وعن أمه، ويساعدها في كشف ذلك المحامي باسل.,143.12,0,,https://www.open-epg.com/files/egypt1.xml
Saudi Arabia,H2 HD.sa,H2 HD.sa,openepg,saudiarabia5,21,14.7,100.0,Food Tech,Food Tech,143.05,0,,https://www.open-epg.com/files/saudiarabia5.xml
Egypt,إم تي في.eg,إم تي في.eg,openepg,egypt1,40,35.3,37.5,برنامج,,142.95,0,,https://www.open-epg.com/files/egypt1.xml
Egypt,سي بي سي.eg,سي بي سي.eg,openepg,egypt1,27,34.3,55.6,برنامج جوهرة مصرية,,142.93,0,,https://www.open-epg.com/files/egypt1.xml
Egypt,CBC.eg,CBC.eg,openepg,egypt2,27,34.3,55.6,برنامج جوهرة مصرية,,142.93,0,,https://www.open-epg.com/files/egypt2.xml
Egypt,إم بي سي أكشن.eg,إم بي سي أكشن.eg,openepg,egypt1,35,44.8,25.7,برنامج the inside line,,142.76,0,,https://www.open-epg.com/files/egypt1.xml
Saudi Arabia,GMA News TV.sa,GMA News TV.sa,openepg,saudiarabia5,20,14.7,100.0,Brigada,Brigada,142.05,0,,https://www.open-epg.com/files/saudiarabia5.xml
Saudi Arabia,History HD.sa,History HD.sa,openepg,saudiarabia5,20,14.7,100.0,Secrets Declassified With David Duchovny,Secrets Declassified With David Duchovny,142.05,0,,https://www.open-epg.com/files/saudiarabia5.xml
Saudi Arabia,Myx.sa,Myx.sa,openepg,saudiarabia5,20,14.7,100.0,Myx Live,Myx Live,142.05,0,,https://www.open-epg.com/files/saudiarabia5.xml
Egypt,الجديد.eg,الجديد.eg,openepg,egypt1,44,41.8,18.2,برنامج الشيف انطوان عنا,,141.26,0,,https://www.open-epg.com/files/egypt1.xml
Saudi Arabia,MBC Masr2.sa,MBC Masr2.sa,openepg,saudiarabia5,19,14.7,100.0,Riyah Al Hob Al Mawsimiyya,Riyah Al Hob Al Mawsimiyya,141.05,0,,https://www.open-epg.com/files/saudiarabia5.xml
Egypt,السومرية.eg,السومرية.eg,openepg,egypt1,43,41.8,18.6,برنامج celebirty,,140.58,0,,https://www.open-epg.com/files/egypt1.xml
Qatar,beJUNIOR.qa,beJUNIOR.qa,openepg,qatar4,56,43.0,0.0,ميستريز أوف ذا ميسنج,,140.5,0,,https://www.open-epg.com/files/qatar4.xml
Egypt,Alrasheed.eg,Alrasheed.eg,openepg,egypt2,48,45.8,4.2,نشرة الأخبار,,140.06,0,,https://www.open-epg.com/files/egypt2.xml
Qatar,Bloomberg-1.qa,Bloomberg-1.qa,openepg,qatar5,54,43.5,0.0,"Where the Wild Men Are with Ben Fogle - Crickhowell, Wales",,139.25,1,openepg:qatar4:Bloomberg-1.qa,https://www.open-epg.com/files/qatar5.xml
Egypt,الأردن.eg,الأردن.eg,openepg,egypt1,46,34.8,26.1,برنامج المطبخ,,139.08,0,,https://www.open-epg.com/files/egypt1.xml
Saudi Arabia,Al Araby TV.sa,Al Araby TV.sa,openepg,saudiarabia5,17,14.7,100.0,News,News,139.05,0,,https://www.open-epg.com/files/saudiarabia5.xml
Egypt,نايل لايف.eg,نايل لايف.eg,openepg,egypt1,35,41.8,25.7,نص أنا.. نص هو,يقرر زوجين الانفصال بعد أن أتما رسالتهما تجاه أولادهما بتزويج آخر أبنائهم، حيث قسما الشقة الي نصفين ببناء حائط يفصلهما، لأنهما لا يمتلكان المال لشراء كل منهما مسكنًا خاصًا، وتتوالي الأحداث ونرى حياة كل طرف قد تحولت إلى فاصل كبير من كوميديا الموقف التي تعبر بوضوح عن حال مجتمعاتنا الآن.,138.26,0,,https://www.open-epg.com/files/egypt1.xml
Egypt,تلفزيون حضرموت.eg,تلفزيون حضرموت.eg,openepg,egypt1,50,34.8,20.0,برنامج,,138.2,0,,https://www.open-epg.com/files/egypt1.xml
Saudi Arabia,GMA Life TV.sa,GMA Life TV.sa,openepg,saudiarabia5,16,14.7,100.0,Wish Ko Lang,Wish Ko Lang,138.05,0,,https://www.open-epg.com/files/saudiarabia5.xml
Egypt,دي إم سي.eg,دي إم سي.eg,openepg,egypt1,21,41.8,42.9,حفل غنائي,,138.02,0,,https://www.open-epg.com/files/egypt1.xml
Egypt,أبو ظبي.eg,أبو ظبي.eg,openepg,egypt1,42,33.8,31.0,Science of Stupid,برنامج يقدمه (ريتشارد هاموند)، وفي كل حلقة، يتم تحليل مقاطع الفيديو سريعة الانتشار، حيث يقوم الأشخاص بأنشطة خطيرة أو سخيفة وينتهي بهم الأمر بإيذاء النفس، يأخذ البرنامج هذه المقاطع كحكايات تحذيرية وأمثلة واقعية لأفعال لا ينبغي تكرارها.,137.5,0,,https://www.open-epg.com/files/egypt1.xml
Saudi Arabia,Discovery IDX HD.sa,Discovery IDX HD.sa,openepg,saudiarabia5,15,14.7,100.0,American Monster,American Monster,137.05,0,,https://www.open-epg.com/files/saudiarabia5.xml
Saudi Arabia,DZMM TeleRadyo.sa,DZMM TeleRadyo.sa,openepg,saudiarabia5,15,14.7,100.0,DZMM TeleRadyo,DZMM TeleRadyo,137.05,0,,https://www.open-epg.com/files/saudiarabia5.xml
Saudi Arabia,Al Quran Al Kareem TV HD.sa,Al Quran Al Kareem TV HD.sa,openepg,saudiarabia5,14,14.7,100.0,Al Quran Al Kareem HD,Al Quran Al Kareem HD,136.05,0,,https://www.open-epg.com/files/saudiarabia5.xml
Egypt,Jordan TV.eg,Jordan TV.eg,openepg,egypt2,46,34.8,21.7,برنامج المطبخ,,135.56,0,,https://www.open-epg.com/files/egypt2.xml
Egypt,Sada El Balad 2.eg,Sada El Balad 2.eg,openepg,egypt2,39,46.8,7.7,برنامج تفاصيل,,135.36,0,,https://www.open-epg.com/files/egypt2.xml
Saudi Arabia,TFC HD.sa,TFC HD.sa,openepg,saudiarabia5,13,14.7,100.0,JUAN CONVERSATIONS WITH ROSE ECLARINAL S4,JUAN CONVERSATIONS WITH ROSE ECLARINAL S4,135.05,0,,https://www.open-epg.com/files/saudiarabia5.xml
Saudi Arabia,DMC HD.sa,DMC HD.sa,openepg,saudiarabia5,12,14.7,100.0,Sahibat Al Saadah,Sahibat Al Saadah,134.05,0,,https://www.open-epg.com/files/saudiarabia5.xml
Egypt,Abu Dhabi TV.eg,Abu Dhabi TV.eg,openepg,egypt2,42,33.8,26.2,Science of Stupid,"A program hosted by Richard Hammond, and in each episode, viral videos are analysed in which people perform dangerous or silly activities and end up harming themselves. The program uses these clips as cautionary tales and real-life examples of actions that should be avoided.",133.66,0,,https://www.open-epg.com/files/egypt2.xml
Egypt,الرشيد.eg,الرشيد.eg,openepg,egypt1,44,41.8,4.5,نشرة الأخبار,,130.3,0,,https://www.open-epg.com/files/egypt1.xml
Saudi Arabia,Cinema One Global.sa,Cinema One Global.sa,openepg,saudiarabia5,8,14.7,100.0,"Iyo Ang Hongkong, Akin Ang Manila","Iyo Ang Hongkong, Akin Ang Manila",130.05,0,,https://www.open-epg.com/files/saudiarabia5.xml
Saudi Arabia,CineMo.sa,CineMo.sa,openepg,saudiarabia5,8,14.7,100.0,Super Sabado Sine,Super Sabado Sine,130.05,0,,https://www.open-epg.com/files/saudiarabia5.xml
Saudi Arabia,Kapatid TV5 International.sa,Kapatid TV5 International.sa,openepg,saudiarabia5,5,14.7,100.0,PBA,PBA,127.05,0,,https://www.open-epg.com/files/saudiarabia5.xml
Egypt,Alaraby TV 2.eg,Alaraby TV 2.eg,openepg,egypt2,38,37.8,13.2,برنامج جو شو,,125.26,0,,https://www.open-epg.com/files/egypt2.xml
Egypt,صدى البلد 2.eg,صدى البلد 2.eg,openepg,egypt1,35,41.8,8.6,برنامج تفاصيل,,124.58,0,,https://www.open-epg.com/files/egypt1.xml
Qatar,AFC 4.qa,AFC 4.qa,openepg,qatar3,40,41.8,0.0,beIN SPORTS XTRA For Live And Exclusive Coverage of Premium Sporting Events - August,,122.7,0,,https://www.open-epg.com/files/qatar3.xml
Qatar,AFC 5.qa,AFC 5.qa,openepg,qatar3,40,41.8,0.0,beIN SPORTS XTRA For Live And Exclusive Coverage of Premium Sporting Events - August,,122.7,0,,https://www.open-epg.com/files/qatar3.xml
Egypt,أون إي.eg,أون إي.eg,openepg,egypt1,27,34.3,29.6,فيلم عربي,,122.13,0,,https://www.open-epg.com/files/egypt1.xml
Egypt,ON E.eg,ON E.eg,openepg,egypt2,27,34.3,29.6,فيلم عربي,,122.13,0,,https://www.open-epg.com/files/egypt2.xml
Egypt,عَمان.eg,عَمان.eg,openepg,egypt1,36,34.8,13.9,برنامج,,119.32,0,,https://www.open-epg.com/files/egypt1.xml
Egypt,Amman.eg,Amman.eg,openepg,egypt2,36,34.8,13.9,برنامج,,119.32,0,,https://www.open-epg.com/files/egypt2.xml
Qatar,2023 Alkass 7.qa,2023 Alkass 7.qa,openepg,qatar2,39,38.7,0.0,استوديو لونجين للقفز على الحواجز,,117.05,1,openepg:qatar3:2023 Alkass 7.qa,https://www.open-epg.com/files/qatar2.xml
Qatar,2023 Alkass 2.qa,2023 Alkass 2.qa,openepg,qatar3,39,38.7,0.0,Longines Show Jumping Studio,,117.05,0,,https://www.open-epg.com/files/qatar3.xml
Qatar,2023 Alkass 5.qa,2023 Alkass 5.qa,openepg,qatar2,38,38.7,0.0,ديربي الكويت,,116.05,1,openepg:qatar3:2023 Alkass 5.qa,https://www.open-epg.com/files/qatar2.xml
Qatar,2023 Alkass 6.qa,2023 Alkass 6.qa,openepg,qatar2,34,38.7,0.0,ذي إنسايد لاين,,112.05,1,openepg:qatar3:2023 Alkass 6.qa,https://www.open-epg.com/files/qatar2.xml
Qatar,2023 Alkass 8.qa,2023 Alkass 8.qa,openepg,qatar2,34,38.7,0.0,سبورت كونفدينشيال,,112.05,0,,https://www.open-epg.com/files/qatar2.xml
Qatar,2023 Alkass 1.qa,2023 Alkass 1.qa,openepg,qatar3,34,38.7,0.0,The Inside Line,,112.05,0,,https://www.open-epg.com/files/qatar3.xml
Qatar,2023 Alkass 3.qa,2023 Alkass 3.qa,openepg,qatar3,34,38.7,0.0,Sport Confidential,,112.05,0,,https://www.open-epg.com/files/qatar3.xml
Egypt,دجلة.eg,دجلة.eg,openepg,egypt1,35,34.8,2.9,برنامج,,109.52,0,,https://www.open-epg.com/files/egypt1.xml
Qatar,2023 Alkass 4.qa,2023 Alkass 4.qa,openepg,qatar3,30,38.7,0.0,Tunis Derby,,108.05,0,,https://www.open-epg.com/files/qatar3.xml
